English Word,Telugu Translation
The,ది
Lion,సింహం
King,రాజు
is,ఉంది
American,అమెరికన్
musical,సంగీత
drama,డ్రామా
film,చిత్రం
that,ఆ
photorealistic,ఫోటోరియలిస్టిక్
animated,యానిమేటెడ్
remake,రీమేక్
of,యొక్క
the,ది
traditionally,సాంప్రదాయకంగా
It,అది
directed,దర్శకత్వం వహించారు
by,ద్వారా
Jon,జోన్
Favreau,FAVREAUE
written,వ్రాయబడింది
Jeff,జెఫ్
Nathanson,నాథన్సన్
and,మరియు
produced,ఉత్పత్తి
Walt,వాల్ట్
Disney,డిస్నీ
Pictures,చిత్రాలు
Fairview,ఫెయిర్‌వ్యూ
Entertainment,వినోదం
stars,నక్షత్రాలు
voices,స్వరాలు
Donald,డోనాల్డ్
Glover,గ్లోవర్
Seth,సేథ్
Rogen,రోజెన్
Chiwetel,చివెటెల్
Ejiofor,ఎజియోఫోర్
Alfre,ఆల్ఫ్రే
Woodard,వుడార్డ్
Billy,బిల్లీ
Eichner,ఐచ్నర్
John,జాన్
Kani,కని
The,ది
Lion,సింహం
King,రాజు
is,ఉంది
American,అమెరికన్
musical,సంగీత
drama,డ్రామా
film,చిత్రం
that,ఆ
photorealistic,ఫోటోరియలిస్టిక్
animated,యానిమేటెడ్
remake,రీమేక్
of,యొక్క
the,ది
traditionally,సాంప్రదాయకంగా
It,అది
directed,దర్శకత్వం వహించారు
by,ద్వారా
Jon,జోన్
Favreau,FAVREAUE
written,వ్రాయబడింది
Jeff,జెఫ్
Nathanson,నాథన్సన్
and,మరియు
produced,ఉత్పత్తి
Walt,వాల్ట్
Disney,డిస్నీ
Pictures,చిత్రాలు
Fairview,ఫెయిర్‌వ్యూ
Entertainment,వినోదం
stars,నక్షత్రాలు
voices,స్వరాలు
Donald,డోనాల్డ్
Glover,గ్లోవర్
Seth,సేథ్
Rogen,రోజెన్
Chiwetel,చివెటెల్
Ejiofor,ఎజియోఫోర్
Alfre,ఆల్ఫ్రే
Woodard,వుడార్డ్
Billy,బిల్లీ
Eichner,ఐచ్నర్
John,జాన్
Kani,కని
Oliver,ఆలివర్
Florence,ఫ్లోరెన్స్
Kasumba,కసుంబ
Eric,ఎరిక్
Andr,ఆండర్
Keegan,కీగన్
Michael,మైఖేల్
Key,కీ
JD,JD
McCrary,మెక్‌కారీ
Shahadi,షహాది
Wright,రైట్
Joseph,జోసెఫ్
with,తో
Beyonc,బియాన్క్
Knowles,నోలెస్
Carter,కార్టర్
James,జేమ్స్
Earl,ఎర్ల్
Jones,జోన్స్
reprising,రీప్రైజింగ్
his,తన
voice,వాయిస్
role,పాత్ర
plot,ప్లాట్
follows,క్రింది
Simba,సింబా
young,యంగ్
lion,సింహం
who,WHO
must,తప్పక
embrace,ఆలింగనం
as,as
rightful,సరైనది
king,రాజు
homeland,హోంల్యాండ్
following,క్రింది
murder,హత్య
father,తండ్రి
Mufasa,ముఫాసా
at,వద్ద
hands,చేతులు
uncle,అంకుల్
Scar,మచ్చ
Plans,ప్రణాళికలు
for,కోసం
were,ఉన్నారు
confirmed,ధ్రువీకరించారు
in,ఇన్
September,సెప్టెంబర్
box,బాక్స్
office,కార్యాలయం
successes,విజయాలు
remakes,రీమేక్‌లు
such,అలాంటిది
Jungle,అడవి
Book,పుస్తకం
was,ఉంది
inspired,ప్రేరణ
certain,ఖచ్చితంగా
roles,పాత్రలు
characters,అక్షరాలు
Broadway,బ్రాడ్‌వే
adaptation,అనుసరణ
developed,అభివృద్ధి చేయబడింది
upon,at
elements,అంశాలు
original,అసలైన
story,కథ
Much,చాలా
main,ప్రధాన
cast,తారాగణం
signed,సంతకం
early,ప్రారంభంలో
principal,ప్రిన్సిపాల్
photography,ఫోటోగ్రఫీ
began,ప్రారంభమైంది
mid,మధ్య
on,పై
blue,నీలం
screen,స్క్రీన్
stage,దశ
Los,లాస్
Angeles,ఏంజిల్స్
virtual,వర్చువల్
reality,వాస్తవికత
tools,సాధనాలు
utilized,ఉపయోగించబడింది
cinematography,సినిమాటోగ్రఫీ
used,ఉపయోగించబడిన
to,to
greater,ఎక్కువ
degree,డిగ్రీ
during,సమయంలో
filming,చిత్రీకరణ
Composers,స్వరకర్తలు
Hans,హన్స్
Zimmer,జిమ్మెర్
Elton,ఎల్టన్
lyricist,గీత రచయిత
Tim,టిమ్
Rice,బియ్యం
returned,తిరిగి వచ్చింది
compose,కంపోజ్
score,స్కోరు
alongside,కలిసి
assisted,సహాయక
reworking,పునర్నిర్మాణం
soundtrack,సౌండ్‌ట్రాక్
wrote,రాశారు
new,క్రొత్తది
song,పాట
titled,శీర్షిక
Spirit,ఆత్మ
which,ఇది
she,ఆమె
also,అలాగే
performed,ప్రదర్శించారు
one,ఒకటి
most,అత్యంత
expensive,ఖరీదైనది
films,సినిమాలు
ever,ఎప్పుడూ
made,తయారు చేయబడింది
well,బాగా
live,లైవ్
action,చర్య
premiered,ప్రీమియర్
Hollywood,హాలీవుడ్
July,జూలై
theatrically,థియేట్రికల్
released,విడుదల
United,యునైటెడ్
States,రాష్ట్రాలు
Dolby,డాల్బీ
Cinema,సినిమా
RealD,రియల్డ్
IMAX,ఐమాక్స్
formats,ఫార్మాట్లు
received,స్వీకరించబడింది
mixed,మిశ్రమ
reviews,సమీక్షలు
from,నుండి
critics,విమర్శకులు
many,చాలా
criticizing,విమర్శించడం
lack,లేకపోవడం
originality,వాస్తవికత
being,ఉండటం
nearly,దాదాపు
identical,ఒకేలా ఉంటుంది
However,అయితే
it,అది
grossed,స్థూలంగా
over,ఓవర్
billion,బిలియన్
worldwide,ప్రపంచవ్యాప్తంగా
its,దాని
theatrical,థియేట్రికల్
run,రన్
broke,విరిగింది
several,అనేక
records,రికార్డులు
including,సహా
becoming,మారుతోంది
highest,అత్యధికం
grossing,స్థూలంగా
all,అన్నీ
time,సమయం
since,నుండి
August,ఆగస్టు
became,అయ్యింది
seventh,ఏడవది
second,రెండవ
readaptation,చదవడానికి
date,తేదీ
nominations,నామినేషన్లు
Best,ఉత్తమమైనది
Animated,యానిమేటెడ్
Feature,లక్షణం
Film,చిత్రం
Original,అసలైన
Song,పాట
categories,కేటగిరీలు
th,వ
Golden,బంగారు
Globe,భూగోళం
Awards,అవార్డులు
Critics,విమర్శకులు
Choice,ఎంపిక
nominated,నామినేట్
rd,Rd
British,బ్రిటిష్
Academy,అకాడమీ
nd,nd
both,రెండు
visual,దృశ్య
effects,ప్రభావాలు
prequel,ప్రీక్వెల్
set,సెట్
release,విడుదల
December,డిసెంబర్
Barry,బారీ
Jenkins,జెంకిన్స్
attached,జతచేయబడింది
direct,డైరెక్ట్
Plot,ప్లాట్
In,ఇన్
Pride,అహంకారం
Lands,భూములు
Tanzania,టాంజానియా
pride,అహంకారం
lions,సింహాలు
rule,నియమం
animal,జంతువు
kingdom,రాజ్యం
Rock,రాక్
Queen,రాణి
Sarabi,సారాబీ
present,ప్రస్తుతం
their,వారి
newborn,నవజాత శిశువు
son,కొడుకు
gathering,సేకరణ
animals,జంతువులు
Rafiki,రఫీకి
mandrill,మాండ్రిల్
shaman,షమన్
advisor,సలహాదారు
shows,ప్రదర్శనలు
explains,వివరిస్తుంది
him,ఆయన
responsibilities,బాధ్యతలు
kingship,కింగ్‌షిప్
circle,వృత్తం
life,జీవితం
connects,కనెక్ట్ అవుతుంది
living,జీవించి ఉన్న
things,విషయాలు
younger,యువ
brother,సోదరుడు
covets,కోవెట్స్
throne,సింహాసనం
plots,ప్లాట్లు
get,పొందండి
rid,విమోచనం
so,కాబట్టి
he,అతను
may,మే
become,అవ్వండి
One,ఒకటి
day,రోజు
best,ఉత్తమమైనది
friend,స్నేహితుడు
Nala,నాలా
explore,అన్వేషించండి
an,ఒక
elephant,ఏనుగు
graveyard,స్మశానవాటిక
where,ఎక్కడ
they,వాళ్ళు
are,ఉన్నాయి
chased,వెంబడించారు
clan,వంశం
spotted,మచ్చల
hyenas,హైనాస్
led,LED
ruthless,క్రూరమైన
Shenzi,షెంజీ
hears,వింటుంది
about,గురించి
incident,సంఘటన
majordomo,మజోర్డోమో
hornbill,హార్న్‌బిల్
Zazu,జాజు
rescues,రెస్క్యూ
cubs,కబ్స్
Though,అయితే
upset,కలత
disobeying,అవిధేయత
putting,పుటింగ్
himself,స్వయంగా
danger,ప్రమాదం
forgives,క్షమించు
great,గొప్పది
kings,రాజులు
past,గత
watch,చూడండి
them,వాటిని
night,రాత్రి
sky,ఆకాశం
will,విల్
Meanwhile,మరోవైపు
planned,ప్రణాళిక
whole,మొత్తం
thing,విషయం
visits,సందర్శనలు
convinces,ఒప్పించారు
help,సహాయం
overthrow,పడగొట్టండి
exchange,మార్పిడి
hunting,వేటాడు
rights,హక్కులు
sets,సెట్లు
trap,ఉచ్చు
luring,ఎర
into,లోపలికి
gorge,జార్జ్
having,కలిగి
drive,డ్రైవ్
large,పెద్దది
herd,మంద
wildebeest,వైల్డ్‌బీస్ట్
stampede,స్టాంపేడ్
trample,తొక్కండి
He,అతను
informs,సమాచారం
peril,ప్రమాదకర
knowing,తెలుసుకోవడం
rush,రష్
save,సేవ్
saves,ఆదా
but,కానీ
ends,ముగుస్తుంది
up,అప్
hanging,వేలాడుతున్న
perilously,ప్రమాదకరంగా
edge,అంచు
refuses,నిరాకరించింది
instead,బదులుగా
sending,పంపడం
falling,పడిపోతుంది
death,మరణం
then,అప్పుడు
tricks,ఉపాయాలు
thinking,ఆలోచిస్తూ
fault,తప్పు
tells,చెబుతుంది
leave,బయలుదేరండి
never,ఎప్పుడూ
return,తిరిగి
orders,ఆదేశాలు
kill,చంపండి
escapes,ఎస్కేప్స్
killed,చంపబడింది
steps,దశలు
forward,ముందుకు
allowing,అనుమతిస్తుంది
Two,రెండు
outcasts,బహిష్కృతులు
Timon,టిమోన్
Pumbaa,పుంబా
meerkat,మీర్కత్
warthog,వర్తోగ్
rescue,రెస్క్యూ
collapses,కూలిపోతుంది
desert,ఎడారి
grows,పెరుగుతుంది
oasis,ఒయాసిస్
two,రెండు
friends,స్నేహితులు
other,ఇతర
carefree,నిర్లక్ష్య
under,కింద
motto,నినాదం
hakuna,హకునా
matata,మాటాటా
no,లేదు
worries,చింత
Swahili,స్వాహిలి
grown,పెరిగిన
hungry,ఆకలితో
lioness,ఆడ సింహం
turns,మలుపులు
out,అవుట్
be,ఉండండి
She,ఆమె
reunite,తిరిగి కలుస్తుంది
fall,పతనం
love,ప్రేమ
urges,కోరికలు
home,హోమ్
telling,చెప్పడం
have,కలిగి
drought,కరువు
stricken,దెబ్బతింది
wasteland,బంజర భూమి
reign,పాలన
Out,అవుట్
guilt,అపరాధం
supposedly,అనుకుందా
causing,కారణం
storms,తుఫానులు
off,ఆఫ్
encounters,ఎన్‌కౌంటర్లు
spirit,ఆత్మ
lives,జీవితాలు
visited,సందర్శించారు
ghost,దెయ్యం
take,తీసుకోవడం
place,స్థలం
Realizing,గ్రహించడం
been,ఉంది
running,నడుస్తున్న
too,చాలా
long,లాంగ్
decides,నిర్ణయిస్తుంది
Aided,సహాయక
sneaks,స్నీక్స్
confronts,ఎదుర్కొంటుంది
fight,పోరాటం
taunts,టౌంట్స్
backs,బ్యాక్స్
rock,రాక్
reveals,బహిర్గతం
Enraged,కోపంగా
truth,నిజం
rest,విశ్రాంతి
attempts,ప్రయత్నాలు
defend,రక్షించండి
knowledge,జ్ఞానం
last,చివరిది
moment,క్షణం
despite,ఉన్నప్పటికీ
previously,గతంలో
claimed,క్లెయిమ్
arrived,వచ్చారు
late,ఆలస్యం
exposes,బహిర్గతం
lionesses,సింహరాశులు
fend,సి
while,అయితే
attempting,ప్రయత్నం
escape,ఎస్కేప్
cornered,మూలలు
ledge,లెడ్జ్
near,సమీపంలో
top,టాప్
begs,అడుగుతుంది
mercy,దయ
blame,నింద
crimes,నేరాలు
spares,విడిభాగాలు
forever,ఎప్పటికీ
attacks,దాడులు
throws,త్రోలు
cliff,క్లిఫ్
after,తరువాత
brief,క్లుప్తంగా
survives,బతికి ఉంది
gets,పొందుతాడు
attacked,దాడి చేసింది
mauled,మౌలెడ్
overheard,విన్నది
attempt,ప్రయత్నం
betray,ద్రోహం
Afterward,తరువాత
takes,తీసుకుంటాడు
makes,తయారీలను
queen,రాణి
With,తో
restored,పునరుద్ధరించబడింది
usual,సాధారణం
state,రాష్ట్రం
presents,బహుమతులు
cub,పిల్ల
assembled,సమావేశమైంది
continuing,కొనసాగింపు
Voice,వాయిస్
crown,కిరీటం
prince,ప్రిన్స్
said,అన్నారు
focus,దృష్టి
more,మరింత
growing,పెరుగుతోంది
than,కంటే
did,చేసింది
stating,పేర్కొంది
very,చాలా
keen,కీన్
making,తయారీ
sure,ఖచ్చితంగా
we,మేము
saw,చూసింది
transition,పరివర్తన
boy,అబ్బాయి
man,మనిషి
how,ఎలా
hard,హార్డ్
can,కెన్
when,ఎప్పుడు
there,అక్కడ
deep,లోతైన
trauma,గాయం
slow,నెమ్మదిగా
witted,విట్
befriends,మిత్రులుగా ఉండండి
adopts,దత్తత
runs,పరుగులు
away,దూరంగా
actor,నటుడు
don,డాన్
think,ఆలోచించండి
right,కుడి
every,ప్రతి
lot,చాలా
even,కూడా
movies,సినిమాలు
knew,తెలుసు
could,చేయగలిగింది
do,చేయండి
encouraged,ప్రోత్సహించబడింది
recordings,రికార్డింగ్‌లు
together,కలిసి
improvise,మెరుగుపరచండి
casting,కాస్టింగ్
would,చేస్తుంది
mark,మార్క్
first,ప్రధమ
not,కాదు
played,ఆడాడు
Ernie,ఎర్నీ
Sabella,సబెల్లా
had,కలిగి
reprised,రీప్రెజ్డ్
project,ప్రాజెక్ట్
character,పాత్ర
involved,ప్రమేయం
point,పాయింట్
treacherous,నమ్మకద్రోహ
law,చట్టం
seeks,కోరుతుంది
mantle,మాంటిల్
described,వివరించబడింది
psychologically,మానసికంగా
possessed,కలిగి
brutalized,క్రూరంగా
especially,ముఖ్యంగా
whether,ఉందొ లేదో అని
vocal,స్వర
quality,నాణ్యత
allows,అనుమతిస్తుంది
confidence,విశ్వాసం
or,లేదా
aggression,దూకుడు
always,ఎల్లప్పుడూ
know,తెలుసు
end,ముగింపు
you,మీరు
re,Re
playing,ఆడుతోంది
somebody,ఎవరో
has,కలిగి
capacity,సామర్థ్యం
turn,మలుపు
everything,అంతా
head,తల
split,స్ప్లిట్
outrageous,దారుణమైన
acts,చట్టాలు
violence,హింస
completely,పూర్తిగా
change,మార్పు
temperature,ఉష్ణోగ్రత
scene,దృశ్యం
relationship,సంబంధం
destroyed,ధ్వంసమైంది
way,మార్గం
this,ఇది
disease,వ్యాధి
own,సొంత
ego,అహం
want,కావాలి
just,కేవలం
fantastic,అద్భుతమైన
brings,తెస్తుంది
us,మాకు
bit,బిట్
Atlantic,అట్లాంటిక్
cadence,కాడెన్స్
feeling,భావన
Shakespearean,షేక్స్పియర్
villain,విలన్
bear,ఎలుగుబంటి
because,ఎందుకంటే
background,నేపథ్య
wonderful,అద్భుతమైన
experienced,అనుభవం
seasoned,రుచికోసం
breathes,.పిరి పీల్చుకుంటుంది
wife,భార్య
mother,తల్లి
wise,తెలివైన
cracking,పగుళ్లు
physically,శారీరకంగా
smallest,చిన్నది
bigger,పెద్దది
personalities,వ్యక్తిత్వాలు
combination,కలయిక
those,అవి
kind,రకం
ve,ve
done,పూర్తి
mine,మైన్
notion,భావన
might,ఉండవచ్చు
small,చిన్నది
stature,పొట్టితనం
huge,భారీ
sense,సెన్స్
entitlement,అర్హత
funny,ఫన్నీ
play,ఆడండి
speaks,మాట్లాడుతుంది
quote,కోట్
unquote,అన్‌కోట్
loud,బిగ్గరగా
boisterous,ఘోరమైనది
singing,గానం
vulnerable,హాని
side,వైపు
slightly,కొద్దిగా
softer,మృదువైన
Can,కెన్
You,మీరు
Feel,అనుభూతి
Love,ప్రేమ
Tonight,ఈరాత్రి
moments,క్షణాలు
talked,మాట్లాడారు
what,ఏమి
some,కొన్ని
consider,పరిగణించండి
gay,గే
sensibility,సున్నితత్వం
brought,తీసుకువచ్చారు
table,పట్టిక
voiced,గాత్రదానం
serves,పనిచేస్తుంది
close,దగ్గరగా
Likening,పోల్చడం
grandfather,తాత
reminds,గుర్తు చేస్తుంది
special,ప్రత్యేక
relative,సాపేక్ష
His,తన
wisdom,జ్ఞానం
humor,హాస్యం
loyalty,విధేయత
dynasty,రాజవంశం
warms,వేడెక్కుతుంది
our,మా
hearts,హృదయాలు
towards,వైపు
happy,సంతోషంగా
wisecracking,విసెక్రాకింగ్
jokes,జోకులు
lessons,పాఠాలు
survival,మనుగడ
Speaking,మాట్లాడుతూ
basically,సాధారణంగా
bird,పక్షి
likes,ఇష్టాలు
structure,నిర్మాణం
wants,కోరికలు
should,తప్పక
echoes,ప్రతిధ్వనులు
tend,bress
favor,అనుకూలంగా
lieu,అబద్ధం
emotional,భావోద్వేగ
reaction,స్పందన
anything,ఏదైనా
childhood,బాల్యం
future,భవిష్యత్తు
interest,వడ్డీ
According,ప్రకారం
felt,అనుభూతి
part,భాగం
joining,చేరడం
got,వచ్చింది
kids,పిల్లలు
feels,అనిపిస్తుంది
good,మంచిది
phase,దశ
her,ఆమె
career,కెరీర్
really,నిజంగా
much,చాలా
And,మరియు
course,కోర్సు
these,ఇవి
numbers,సంఖ్యలు
my,నా
God,దేవుడు
reputation,కీర్తి
far,దురముగా
beauty,అందం
talent,ప్రతిభ
reprises,రీప్రైజెస్
production,ఉత్పత్తి
chose,ఎంచుకున్నారు
work,పని
inspires,ప్రేరేపిస్తుంది
little,చిన్నది
girls,అమ్మాయిలు
model,మోడల్
husband,భర్త
lines,పంక్తులు
remain,ఉండండి
mostly,ఎక్కువగా
same,అదే
comfort,ఓదార్పు
going,వెళ్తున్నారు
rewarding,బహుమతి
taking,తీసుకోవడం
audience,ప్రేక్షకులు
journey,ప్రయాణం
again,మళ్ళీ
once,ఒకసారి
generation,తరం
carrying,మోస్తున్న
legacy,లెగసీ
across,అంతటా
tonality,టోనాలిటీ
compared,పోలిస్తే
served,వడ్డించారు
sounds,శబ్దాలు
like,ఇష్టం
ruled,పాలించబడింది
Kamari,కమరి
Azizi,అజీజి
Matriarch,మాతృక
hyena,హైనా
lieutenants,లెఫ్టినెంట్లు
join,చేరండి
forces,దళాలు
order,ఆర్డర్
While,అయితే
featured,ఫీచర్
respective,సంబంధిత
names,పేర్లు
loosely,వదులుగా
based,ఆధారిత
Banzai,బాన్జాయ్
Ed,సం
characterizations,లక్షణాలు
heavily,భారీగా
altered,మార్చబడింది
fit,సరిపోతుంది
realistic,వాస్తవిక
style,శైలి
stuff,విషయం
around,చుట్టూ
stylised,శైలీకృత
elaborated,విస్తరించబడింది
declaring,ప్రకటిస్తోంది
hose,గొట్టం
These,ఇవి
dangerous,ప్రమాదకరమైనది
German,జర్మన్
dub,డబ్
Additionally,అదనంగా
Penny,పెన్నీ
Johnson,జాన్సన్
Jerald,జెరాల్డ్
Sarafina,సారాఫినా
Amy,అమీ
Sedaris,సెడారిస్
Chance,అవకాశం
Rapper,రాపర్
Josh,జోష్
Phil,ఫిల్
LaMarr,లామర్
guineafowl,గినియా పక్షులు
bushbaby,బుష్బాబీ
shrew,ష్రూ
topi,టోపి
miscredited,తప్పుగా గుర్తించబడింది
impala,ఇంపాలా
respectively,వరుసగా
neighbors,పొరుగువారు
Lee,లీ
chases,వెంటాడారు
Production,ఉత్పత్తి
Development,అభివృద్ధి
On,పై
directing,దర్శకత్వం
feature,లక్షణం
songs,పాటలు
string,స్ట్రింగ్
recent,ఇటీవలి
Maleficent,మాలెఫిసెంట్
Cinderella,సిండ్రెల్లా
Beauty,అందం
Beast,మృగం
latter,తరువాతి
three,మూడు
earning,సంపాదన
critical,క్లిష్టమైన
praise,ప్రశంసలు
October,అక్టోబర్
reported,నివేదించబడింది
hired,అద్దె
write,వ్రాయడానికి
screenplay,స్క్రీన్ ప్లే
November,నవంబర్
talking,మాట్లాడటం
ComingSoon,త్వరలో
net,నెట్
technology,సాంకేతికం
Although,అయినప్పటికీ
reports,నివేదికలు
actually,అసలైన
utilizes,ఉపయోగించుకుంటుంది
computer,కంప్యూటర్
generated,ఉత్పత్తి
animation,యానిమేషన్
describe,వివరించండి
only,మాత్రమే
follow,అనుసరించండి
technologically,సాంకేతికంగా
groundbreaking,సంచలనం
approach,విధానం
aspects,అంశాలను
particularly,ముఖ్యంగా
aimed,లక్ష్యం
develop,అభివృద్ధి
spectacle,దృశ్యం
BBC,బిబిసి
wildlife,వన్యప్రాణి
documentary,డాక్యుమెంటరీ
This,ఇది
final,చివరి
credit,క్రెడిట్
editor,ఎడిటర్
Mark,మార్క్
Livolsi,లిగోల్సీ
died,మరణించారు
dedicated,అంకితం
Casting,కాస్టింగ్
February,ఫిబ్రవరి
April,ఏప్రిల్
announced,ప్రకటించారు
Earlier,అంతకుముందు
March,మార్చి
choice,ఎంపిక
director,దర్శకుడు
studio,స్టూడియో
willing,ఇష్టపడే
whatever,ఏదో ఒకటి
took,టేక్
accommodate,వసతి
busy,బిజీగా
schedule,షెడ్యూల్
Later,తరువాత
official,అధికారిక
announcement,ప్రకటన
created,సృష్టించబడింది
Visual,దృశ్య
Moving,కదిలే
Picture,చిత్రం
Company,కంపెనీ
lead,సీసం
vendor,విక్రేత
provided,అందించబడింది
supervised,పర్యవేక్షించబడింది
Robert,రాబర్ట్
Legato,లెగాటో
Elliot,ఇలియట్
Newman,కొత్త మనిషి
Adam,ఆడమ్
Valdez,వాల్డెజ్
uses,ఉపయోగాలు
according,ప్రకారం
Effects,ప్రభావాలు
Supervisor,పర్యవేక్షకుడు
Rob,రాబ్
Virtual,వర్చువల్
Girish,గిరిష్
Balakrishnan,బాలకృష్ణన్
professional,ప్రొఫెషనల్
website,వెబ్‌సైట్
filmmakers,చిత్రనిర్మాతలు
motion,కదలిక
capture,క్యాప్చర్
VR,Vr
AR,Ar
technologies,సాంకేతికతలు
MPC,MPC
worked,పనిచేశారు
tech,టెక్
firms,సంస్థలు
Magnopus,మాగ్నోపస్
Unity,ఐక్యత
Technologies,సాంకేతికతలు
build,బిల్డ్
platform,వేదిక
using,ఉపయోగించడం
game,ఆట
engine,ఇంజిన్
charge,ఆరోపణ
VFX,VFX
shots,షాట్లు
There,అక్కడ
designed,రూపకల్పన
art,కళ
photo,ఫోటో
references,ప్రస్తావనలు
From,నుండి
built,నిర్మించబడింది
rigging,రిగ్గింగ్
shapes,ఆకారాలు
textures,అల్లికలు
furs,బొచ్చు
rendered,అన్వయించబడింది
step,దశ
further,మరింత
improvement,మెరుగుదల
After,తరువాత
crafted,రూపొందించిన
hand,చెయ్యి
reference,సూచన
clips,క్లిప్‌లు
movements,కదలికలు
muscles,కండరాలు
eyes,కళ్ళు
facial,ముఖం
expressions,వ్యక్తీకరణలు
breathe,బ్రీత్
species,జాతులు
environment,పర్యావరణం
entirely,పూర్తిగా
CGI,CGI
materials,పదార్థాలు
high,అధిక
definition,నిర్వచనం
photos,ఫోటోలు
African,ఆఫ్రికన్
landscape,ప్రకృతి దృశ్యం
All,అన్నీ
FX,Fx
simulations,అనుకరణలు
water,నీటి
dirt,దుమ్ము
fire,అగ్ని
combining,కలపడం
cameras,కెమెరాలు
scenes,దృశ్యాలు
digitally,డిజిటల్‌గా
within,లోపల
simulated,అనుకరణ
New,క్రొత్తది
software,సాఫ్ట్‌వేర్
movie,సినిమా
possible,సాధ్యమే
create,సృష్టించండి
shaky,కదిలిన
cam,కామ్
look,చూడండి
handheld,హ్యాండ్‌హెల్డ్
camera,కెమెరా
Sean,సీన్
Bailey,బెయిలీ
President,అధ్యక్షుడు
form,రూపం
filmmaking,ఫిల్మ్ మేకింగ్
Historical,చారిత్రక
definitions,నిర్వచనాలు
techniques,పద్ధతులు
called,పిలిచారు
evolution,పరిణామం
Rather,బదులుగా
animators,యానిమేటర్లు
team,జట్టు
artificial,కృత్రిమ
intelligence,ఇంటెలిజెన్స్
allow,అనుమతించండి
behave,ప్రవర్తించండి
ways,మార్గాలు
mimicked,అనుకరించబడింది
real,నిజమైన
sole,ఏకైక
non,కాని
shot,షాట్
entire,మొత్తం
sunrise,సూర్యోదయం
opening,తెరవడం
Music,సంగీతం
composed,కంపోజ్ చేయబడింది
version,సంస్కరణ: Telugu
Pharrell,ఫారెల్
Williams,విలియమ్స్
collaborator,సహకారి
rework,పునర్నిర్మాణం
compositions,కూర్పులు
before,ముందు
retirement,పదవీ విరమణ
assisting,సహాయం
slated,నిర్ణయాలు
collaboration,సహకారం
between,మధ్య
pan,పాన్
unreleased,విడుదల చేయలేదు
added,జోడించబడింది
credits,క్రెడిట్స్
Never,ఎప్పుడూ
Too,చాలా
Late,ఆలస్యం
herself,ఆమె
Ilya,ఇలియా
Salmanzadeh,సల్మాన్జాదే
Labrinth,లాబ్రింత్
single,సింగిల్
features,లక్షణాలు
cover,కవర్
Tokens,టోకెన్లు
Sleeps,నిద్రిస్తుంది
Lives,జీవితాలు
Rhythm,లయ
featuring,నటించిన
curated,క్యూరేటెడ్
album,ఆల్బమ్
Gift,బహుమతి
Marketing,మార్కెటింగ్
teaser,టీజర్
trailer,ట్రైలర్
poster,పోస్టర్
debuted,ప్రారంభమైంది
Dallas,డల్లాస్
Cowboys,కౌబాయ్స్
annual,వార్షిక
Thanksgiving,థాంక్స్ గివింగ్
Day,రోజు
viewed,వీక్షించబడింది
million,మిలియన్
times,సార్లు
hours,గంటలు
period,కాలం
sneak,స్నీక్
peek,పీక్
st,st
footage,ఫుటేజ్
revealed,వెల్లడించారు
adults,పెద్దలు
Investor,పెట్టుబడిదారుడు
Webcast,వెబ్‌కాస్ట్
May,మే
individual,వ్యక్తిగత
posters,పోస్టర్లు
June,జూన్
extensive,విస్తృతమైన
behind,వెనుక
featurette,ఫీచర్
detailing,వివరాలు
various,వివిధ
along,వెంట
seven,ఏడు
publicity,పబ్లిసిటీ
stills,స్టిల్స్
actors,నటులు
facing,ఫేసింగ్
counterparts,ప్రతిరూపాలు
spent,ఖర్చు
promoting,ప్రమోటింగ్
Novelization,నవలైజేషన్
tie,టై
novelization,నవలైజేషన్
Elizabeth,ఎలిజబెత్
Rudnick,రుడ్నిక్
published,ప్రచురించబడింది
Publishing,ప్రచురణ
Worldwide,ప్రపంచవ్యాప్తంగా
Shot,షాట్
claim,దావా
trailers,ట్రైలర్స్
revere,రెవరె
parts,భాగాలు
stated,పేర్కొన్నారు
iconic,ఐకానిక్
couldn,చేయలేకపోయింది
possibly,బహుశా
suggest,సూచించండి
later,తరువాత
longer,ఎక్కువసేపు
doing,చేయడం
here,ఇక్కడ
give,ఇవ్వండి
dimension,పరిమాణం
visually,దృశ్యమానంగా
emotionally,మానసికంగా
consistent,స్థిరమైన
changes,మార్పులు
points,పాయింట్లు
unchanged,మారదు
largely,ఎక్కువగా
diverge,డైవర్జ్
hinted,సూచించబడింది
Elephant,ఏనుగు
Graveyard,స్మశానవాటిక
lair,గుహ
replaced,భర్తీ చేయబడింది
location,స్థానం
approximately,సుమారు
minutes,నిమిషాలు
Despite,ఉన్నప్పటికీ
claims,దావాలు
criticized,విమర్శలు
fans,అభిమానులు
alike,అలైక్
citing,ఉదహరించడం
overall,మొత్తం
major,ప్రధాన
flaw,లోపం
Release,విడుదల
Theatrical,థియేట్రికల్
Aladdin,అల్లాదీన్
Toy,బొమ్మ
Story,కథ
Frozen,ఘనీభవించిన
II,Ii
Captain,కెప్టెన్
Marvel,మార్వెల్
Star,స్టార్
Wars,యుద్ధాలు
Rise,పెరుగుదల
Skywalker,స్కైవాకర్
international,అంతర్జాతీయ
rollout,విడుదల
week,వారం
domestic,దేశీయ
starting,ప్రారంభం
China,చైనా
Home,హోమ్
media,మీడియా
Studios,స్టూడియోలు
Digital,డిజిటల్
HD,HD
followed,తరువాత
DVD,డివిడి
Blu,బ్లూ
ray,రే
Ultra,అల్ట్రా
started,ప్రారంభమైంది
streaming,స్ట్రీమింగ్
January,జనవరి
launch,ప్రయోగం
Hotstar,హాట్‌స్టార్
India,భారతదేశం
available,అందుబాటులో ఉంది
multiple,బహుళ
languages,భాషలు
Reception,రిసెప్షన్
Box,బాక్స్
Canada,కెనడా
territories,భూభాగాలు
total,మొత్తం
global,ప్రపంచ
debut,తొలి
ninth,తొమ్మిదవ
largest,అతిపెద్ద
biggest,అతిపెద్ద
passed,ఉత్తీర్ణత
Deadline,గడువు
calculated,లెక్కించబడుతుంది
profit,లాభం
factoring,ఫ్యాక్టరింగ్
expenses,ఖర్చులు
revenues,ఆదాయాలు
Beginning,ప్రారంభం
marked,గుర్తించబడింది
anniversary,వార్షికోత్సవం
pre,ముందు
sales,అమ్మకాలు
seller,విక్రేత
Fandango,ఫండంగో
frame,ఫ్రేమ్
Avengers,ఎవెంజర్స్
Endgame,ఎండ్‌గేమ్
Atom,అణువు
Tickets,టికెట్లు
family,కుటుంబం
Three,మూడు
weeks,వారాలు
prior,ముందు
industry,పరిశ్రమ
tracking,ట్రాకింగ్
projected,అంచనా
gross,స్థూల
weekend,వారాంతం
By,ద్వారా
estimates,అంచనాలు
debuting,తొలి ప్రదర్శన
theaters,థియేటర్లు
beating,కొట్టుకోవడం
record,రికార్డ్
Thursday,గురువారం
previews,ప్రివ్యూలు
went,వెళ్లిన
reimaginings,రీమాగినింగ్స్
Harry,హ్యారీ
Potter,పాటర్
Deathly,డెత్లీ
Hallows,హాలోస్
Part,భాగం
Iron,ఇనుము
Man,మనిషి
higher,ఉన్నత
expected,expected హించినది
drop,డ్రాప్
still,ఇప్పటికీ
topped,అగ్రస్థానంలో ఉంది
dethroned,డెథ్రోన్
newcomer,కొత్తగా
Hobbs,హోబ్స్
Shaw,షా
third,మూడవది
crossing,క్రాసింగ్
process,ప్రక్రియ
North,ఉత్తరం
America,అమెరికా
Incredibles,ఇన్క్రెడిబుల్స్
At,వద్ద
region,ప్రాంతం
Other,ఇతర
days,రోజులు
world,ప్రపంచం
ended,ముగిసింది
besting,బెస్ట్
debuts,తొలి ప్రదర్శనలు
Over,ఓవర్
overseas,విదేశాలలో
included,చేర్చబడింది
sans,సాన్స్
countries,దేశాలు
Kingdom,రాజ్యం
Ireland,ఐర్లాండ్
Malta,మాల్టా
France,ఫ్రాన్స్
Mexico,మెక్సికో
Brazil,బ్రెజిల్
South,దక్షిణ
Korea,కొరియా
Australia,ఆస్ట్రేలియా
Russia,రష్యా
country,దేశం
Netherlands,నెదర్లాండ్స్
As,As
markets,మార్కెట్లు
Japan,జపాన్
Germany,జర్మనీ
Italy,ఇటలీ
surpassing,అధిగమించడం
previous,మునుపటి
held,జరిగింది
Titanic,టైటానిక్
Africa,ఆఫ్రికా
Black,నలుపు
Panther,పాంథర్
local,స్థానిక
currency,కరెన్సీ
terms,నిబంధనలు
dollar,డాలర్
regions,ప్రాంతాలు
Austria,ఆస్ట్రియా
Belgium,బెల్జియం
Luxembourg,లక్సెంబర్గ్
Bulgaria,బల్గేరియా
Algeria,అల్జీరియా
Monaco,మొనాకో
Morocco,మొరాకో
Tunisia,ట్యునీషియా
Lithuania,లిథువేనియా
Norway,నార్వే
Portugal,పోర్చుగల్
Angola,అంగోలా
Serbia,సెర్బియా
Montenegro,మాంటెనెగ్రో
Slovenia,స్లోవేనియా
Sweden,స్వీడన్
Switzerland,స్విట్జర్లాండ్
Spain,స్పెయిన్
foreign,విదేశీ
Poland,పోలాండ్
fourth,నాల్గవది
Europe,ఐరోపా
Middle,మధ్య
East,తూర్పు
surpass,అధిగమిస్తుంది
Critical,క్లిష్టమైనది
response,ప్రతిస్పందన
review,సమీక్ష
aggregator,అగ్రిగేటర్
Rotten,కుళ్ళిన
Tomatoes,టమోటాలు
approval,ఆమోదం
rating,రేటింగ్
average,సగటు
consensus,ఏకాభిప్రాయం
reads,చదువుతుంది
achievements,విజయాలు
retelling,రీటెల్లింగ్
lacks,లోపాలు
energy,శక్తి
heart,గుండె
beloved,ప్రియమైన
though,అయితే
enough,చాలు
rotten,కుళ్ళిన
Metacritic,మెటాక్రిటిక్
gave,ఇచ్చింది
weighted,బరువు
indicating,సూచిస్తుంది
Audiences,ప్రేక్షకులు
polled,పోల్
CinemaScore,సినిమాస్కోర్
grade,గ్రేడ్
scale,స్కేల్
PostTrak,పోస్ట్‌ట్రాక్
four,నాలుగు
five,ఐదు
Some,కొన్ని
praised,ప్రశంసలు
fidelity,విశ్వసనీయత
others,ఇతరులు
Kenneth,కెన్నెత్
Turan,తురాన్
Times,సార్లు
polished,పాలిష్
satisfying,సంతృప్తికరంగా
entertainment,వినోదం
Todd,టాడ్
McCarthy,మెక్‌కార్తీ
Reporter,రిపోర్టర్
considered,పరిగణించబడుతుంది
inferior,నాసిరకం
noting,గమనించడం
aesthetic,సౌందర్యం
caution,జాగ్రత్త
predictability,ability హాజనితత్వం
begin,ప్రారంభించండి
wear,ధరించడం
down,డౌన్
enterprise,ఎంటర్ప్రైజ్
half,సగం
Guardian,సంరక్షకుడు
Peter,పీటర్
Bradshaw,బ్రాడ్‌షా
found,కనుగొన్నారు
watchable,చూడదగినది
enjoyable,ఆనందించేది
But,కానీ
missed,తప్పిన
simplicity,సరళత
vividness,స్పష్టత
drawn,డ్రా
images,చిత్రాలు
Among,మధ్య
performances,ప్రదర్శనలు
particular,ప్రత్యేకించి
Club,క్లబ్
Dowd,డౌడ్
proclaiming,ప్రకటించడం
Ultimately,అంతిమంగా
slacker,స్లాకర్
sidekicks,సైడ్‌కిక్స్
make,చేయండి
impression,ముద్ర
ad,ప్రకటన
libbed,లిబ్బెడ్
banter,పరిహాసము
fresh,తాజాది
true,నిజం
perfect,పర్ఫెక్ట్
recipe,రెసిపీ
William,విలియం
Bibbiani,బిబ్బియాని
TheWrap,Thewrap
looks,కనిపిస్తోంది
incredibly,నమ్మశక్యం
literal,అచ్చమైన
digital,డిజిటల్
performers,ప్రదర్శనకారులు
body,శరీరం
movement,ఉద్యమం
tell,చెప్పండి
Sreeparna,శ్రీపర్ణ
Sengupta,సెన్‌గుప్తా
giving,ఇవ్వడం
For,కోసం
haven,స్వర్గంగా
seen,చూసింది
certainly,ఖచ్చితంగా
worth,విలువ
gorgeous,గార్జియస్
visuals,విజువల్స్
technical,సాంకేతిక
genius,మేధావి
Helen,హెలెన్
Hara,హరా
Empire,సామ్రాజ్యం
saying,చెప్పడం
thrown,విసిరివేయబడింది
star,స్టార్
studded,నిండిపోయింది
trading,ట్రేడింగ్
realism,వాస్తవికత
means,అంటే
lose,ఓడిపోతుంది
something,ఏదో
excellence,సమర్థత
Matt,మాట్
Zoller,జోలర్
Seitz,సీట్జ్
RogerEbert,రోజర్ ఎబెర్ట్
com,com
worst,చెత్త
say,చెప్పండి
perhaps,బహుశా
compliment,అభినందన
pay,చెల్లించండి
dazzling,మిరుమిట్లుగొలిపేది
if,ఉంటే
told,చెప్పారు
different,భిన్నమైనది
maybe,బహుశా
without,లేకుండా
necessarily,తప్పనిసరిగా
need,అవసరం
sing,పాడండి
Kevin,కెవిన్
Maher,మహేర్
praising,ప్రశంసలు
ending,ముగింపు
descend,అవరోహణ
ing,ing
sprawling,విస్తృతమైన
donnybrook,డానీబ్రూక్
dramatic,నాటకీయ
resonance,ప్రతిధ్వని
Edward,ఎడ్వర్డ్
Porter,కూలి
Sunday,ఆదివారం
expressiveness,వ్యక్తీకరణ
faces,ముఖాలు
writing,రచన
summarized,సంగ్రహించబడింది
Joyless,ఆనందం లేనిది
artless,ఆర్ట్‌లెస్
soulless,ఆత్మలేనిది
transforms,రూపాంతరం చెందుతుంది
striking,కొట్టడం
titles,శీర్షికలు
Mouse,మౌస్
House,ఇల్లు
vault,ఖజానా
Disneynature,డిస్నీనాచర్
bemoaned,దుర్భరమైనది
insistence,పట్టుదలతో
commenting,వ్యాఖ్యానించడం
We,మేము
watching,చూడటం
hollow,బోలు
bastardization,బాస్టర్డైజేషన్
blockbuster,బ్లాక్ బస్టర్
reliant,ఆధారపడటం
established,స్థాపించబడింది
affection,ఆప్యాయత
predecessor,పూర్వీకుడు
strangely,విచిత్రమేమిటంటే
determined,నిర్ణయించబడింది
jettison,జెట్టిసన్
Scott,స్కాట్
Mendelson,మెండెల్సన్
Forbes,ఫోర్బ్స్
condemned,ఖండించారు
crushing,క్రషింగ్
disappointment,నిరాశ
almost,దాదాపు
redo,పునరావృతం చేయండి
undercuts,అండర్కట్స్
melodrama,మెలోడ్రామా
downplaying,తక్కువ ఆట
emotions,భావోద్వేగాలు
David,డేవిడ్
Ehrlich,Ehrlich
IndieWire,ఇండీవైర్
panned,నిందించబడింది
Unfolding,ముగుస్తుంది
longest,పొడవైనది
least,కనీసం
convincing,ఆమోదయోగ్యమైన
deepfake,డీప్‌ఫేక్
meant,అర్థం
represent,ప్రాతినిధ్యం వహిస్తుంది
next,తరువాత
Instead,బదులుగా
chimera,చిమెరా
comes,వస్తుంది
glorified,మహిమపరచబడింది
demo,డెమో
greedy,అత్యాశకరమైన
conglomerate,సమ్మేళనం
creatively,సృజనాత్మకంగా
bankrupt,దివాళా
self,స్వీయ
portrait,పోర్ట్రెయిట్
eating,ఆహారపు
tail,తోక
Jonathan,జోనాథన్
Broxton,బ్రోక్స్టన్
greatest,గొప్పది
somehow,ఏదో ఒకవిధంగా
already,ఇప్పటికే
superb,అద్భుతమైన
spectacular,అద్భుతమైన
enhanced,మెరుగుపరచబడింది
orchestrations,ఆర్కెస్ట్రేషన్
larger,పెద్దది
instrumental,వాయిద్య
ensemble,సమిష్టి
gives,ఇస్తుంది
weight,బరువు
power,శక్తి
powerful,శక్తివంతమైన
weighty,బరువైన
actual,అసలు
composition,కూర్పు
itself,స్వయంగా
recurring,పునరావృత
thematic,థిమాటిక్
ideas,ఆలోచనలు
intelligent,తెలివైన
application,అప్లికేషన్
highlighted,హైలైట్ చేయబడింది
arrangements,ఏర్పాట్లు
instruments,పరికరాలు
pick,పిక్
specific,నిర్దిష్ట
deeply,లోతుగా
impressive,ఆకట్టుకునేది
disowned,నిరాకరించబడింది
me,నేను
believe,నమ్మండి
messed,గజిబిజి
music,సంగీతం
current,ప్రస్తుత
didn,చేయలేదు
impact,ప్రభావం
magic,మేజిక్
joy,ఆనందం
lost,కోల్పోయిన
Accolades,ప్రశంసలు
Prequel,ప్రీక్వెల్
development,అభివృద్ధి
formative,నిర్మాణాత్మక
years,సంవత్సరాలు
sequel,సీక్వెల్
centering,సెంటరింగ్
origins,ఆరిజిన్స్
events,సంఘటనలు
similar,ఇలాంటివి
Godfather,గాడ్ ఫాదర్
screenwriter,స్క్రీన్ రైటర్
reportedly,నివేదిక
finished,పూర్తయింది
draft,ముసాయిదా
Aaron,ఆరోన్
Pierre,పియరీ
Kelvin,కెల్విన్
Harrison,హారిసన్
Jr,జూనియర్
video,వీడియో
Expo,ఎక్స్‌పో
titular,నామమాత్ర
origin,మూలం
reprise,పున reరకుండా
scheduled,షెడ్యూల్ చేయబడింది
References,ప్రస్తావనలు
Notes,గమనికలు
Citations,అనులేఖనాలు
External,బాహ్య
links,లింకులు
Official,అధికారిక
IMDb,Imdb
AllMovie,ఆల్మోవీ
Titanic,టైటానిక్
is,ఉంది
American,అమెరికన్
epic,ఇతిహాసం
romantic,శృంగార
disaster,విపత్తు
film,చిత్రం
directed,దర్శకత్వం వహించారు
written,వ్రాయబడింది
co,కో
produced,ఉత్పత్తి
and,మరియు
edited,సవరించబడింది
by,ద్వారా
James,జేమ్స్
Cameron,కామెరాన్
Incorporating,కలుపుతోంది
both,రెండు
historical,చారిత్రక
fictionalized,కల్పిత
aspects,అంశాలను
it,అది
based,ఆధారిత
on,పై
accounts,ఖాతాలు
of,యొక్క
the,ది
sinking,కుంగిపోయే
RMS,Rms
in,ఇన్
Leonardo,లియోనార్డో
DiCaprio,డికాప్రియో
Kate,కేట్
Winslet,విన్స్లెట్
star,స్టార్
as,as
members,సభ్యులు
different,భిన్నమైనది
social,సామాజిక
classes,తరగతులు
who,WHO
fall,పతనం
love,ప్రేమ
during,సమయంలో
ship,ఓడ
maiden,కన్య
voyage,సముద్రయానం
The,ది
also,అలాగే
features,లక్షణాలు
an,ఒక
ensemble,సమిష్టి
cast,తారాగణం
Billy,బిల్లీ
Zane,జేన్
Kathy,కాథీ
Bates,బేట్స్
Frances,ఫ్రాన్సిస్
Fisher,ఫిషర్
Bernard,బెర్నార్డ్
Hill,కొండ
Jonathan,జోనాథన్
Hyde,హైడ్
Danny,డానీ
Nucci,Ncci
David,డేవిడ్
Warner,వార్నర్
Bill,బిల్లు
Paxton,పాక్స్టన్
inspiration,ప్రేరణ
for,కోసం
came,వచ్చింది
from,నుండి
his,తన
fascination,మోహం
with,తో
shipwrecks,ఓడల నాశనాలు
He,అతను
felt,అనుభూతి
story,కథ
interspersed,విభజించబడింది
human,మానవుడు
loss,నష్టం
would,చేస్తుంది
be,ఉండండి
essential,అవసరం
to,to
convey,తెలియజేయండి
emotional,భావోద్వేగ
impact,ప్రభావం
Production,ఉత్పత్తి
began,ప్రారంభమైంది
September,సెప్టెంబర్
when,ఎప్పుడు
shot,షాట్
footage,ఫుటేజ్
wreck,శిధిలాలు
modern,ఆధునిక
scenes,దృశ్యాలు
research,పరిశోధన
vessel,నౌక
were,ఉన్నారు
board,బోర్డు
Akademik,అకాడెమిక్
Mstislav,Mstislav
Keldysh,కెల్డిష్
which,ఇది
had,కలిగి
used,ఉపయోగించబడిన
base,బేస్
filming,చిత్రీకరణ
Scale,స్కేల్
models,నమూనాలు
computer,కంప్యూటర్
generated,ఉత్పత్తి
imagery,ఊహాచిత్రాలు
reconstruction,పునర్నిర్మాణం
built,నిర్మించబడింది
at,వద్ద
Baja,బాజా
Studios,స్టూడియోలు
recreate,పున reat సృష్టి
was,ఉంది
financed,ఫైనాన్స్
Paramount,పారామౌంట్
Pictures,చిత్రాలు
th,వ
Century,శతాబ్దం
Fox,ఫాక్స్
handled,నిర్వహించబడింది
distribution,పంపిణీ
United,యునైటెడ్
States,రాష్ట్రాలు
Canada,కెనడా
while,అయితే
released,విడుదల
internationally,అంతర్జాతీయంగా
most,అత్యంత
expensive,ఖరీదైనది
ever,ఎప్పుడూ
made,తయారు చేయబడింది
time,సమయం
production,ఉత్పత్తి
budget,బడ్జెట్
million,మిలియన్
Filming,చిత్రీకరణ
took,టేక్
place,స్థలం
July,జూలై
March,మార్చి
December,డిసెంబర్
It,అది
praised,ప్రశంసలు
its,దాని
visual,దృశ్య
effects,ప్రభావాలు
performances,ప్రదర్శనలు
particularly,ముఖ్యంగా
those,అవి
Gloria,గ్లోరియా
Stuart,స్టువర్ట్
values,విలువలు
direction,దిశ
score,స్కోరు
cinematography,సినిమాటోగ్రఫీ
depth,లోతు
Among,మధ్య
other,ఇతర
awards,అవార్డులు
nominated,నామినేట్
Academy,అకాడమీ
Awards,అవార్డులు
won,గెలిచింది
including,సహా
Best,ఉత్తమమైనది
Picture,చిత్రం
Director,దర్శకుడు
tying,టైయింగ్
Ben,బెన్
Hur,హర్
With,తో
initial,ప్రారంభ
worldwide,ప్రపంచవ్యాప్తంగా
gross,స్థూల
over,ఓవర్
billion,బిలియన్
first,ప్రధమ
reach,చేరుకోండి
dollar,డాలర్
mark,మార్క్
highest,అత్యధికం
grossing,స్థూలంగా
all,అన్నీ
until,వరకు
next,తరువాత
Avatar,అవతార్
surpassed,అధిగమించింది
Income,ఆదాయం
theatrical,థియేట్రికల్
release,విడుదల
retail,రిటైల్
video,వీడియో
soundtrack,సౌండ్‌ట్రాక్
sales,అమ్మకాలు
US,మాకు
broadcast,ప్రసార
rights,హక్కులు
exceeded,మించిపోయింది
number,సంఖ్య
re,Re
releases,విడుదలలు
have,కలిగి
pushed,నెట్టబడింది
total,మొత్తం
making,తయారీ
second,రెండవ
more,మరింత
than,కంటే
after,తరువాత
In,ఇన్
Library,గ్రంధాలయం
Congress,సమావేశం
selected,ఎంచుకున్నారు
preservation,సంరక్షణ
National,జాతీయ
Film,చిత్రం
Registry,రిజిస్ట్రీ
being,ఉండటం
culturally,సాంస్కృతికంగా
historically,చారిత్రాత్మకంగా
or,లేదా
aesthetically,సౌందర్యంగా
significant,ముఖ్యమైనది
Plot,ప్లాట్
aboard,మీదికి
Brock,బ్రాక్
Lovett,లవెట్
team,జట్టు
search,వెతకండి
They,వాళ్ళు
recover,కోలుకోండి
safe,సురక్షితం
they,వాళ్ళు
hope,ఆశిస్తున్నాము
contains,కలిగి ఉంటుంది
necklace,నెక్లెస్
large,పెద్దది
diamond,డైమండ్
known,తెలిసిన
Heart,గుండె
Ocean,సముద్ర
Instead,బదులుగా
find,కనుగొనండి
only,మాత్రమే
drawing,డ్రాయింగ్
young,యంగ్
naked,నగ్నంగా
woman,స్త్రీ
wearing,ధరించడం
sketch,స్కెచ్
dated,నాటిది
April,ఏప్రిల్
same,అదే
day,రోజు
struck,కొట్టారు
iceberg,మంచుకొండ
that,ఆ
caused,కారణం
sink,సింక్
After,తరువాత
viewing,వీక్షణ
television,టెలివిజన్
news,వార్తలు
about,గురించి
discovery,ఆవిష్కరణ
centenarian,శతాబ్ది
Rose,గులాబీ
Dawson,డాసన్
Calvert,కాల్వెర్ట్
contacts,పరిచయాలు
identifying,గుర్తించడం
herself,ఆమె
Hoping,ఆశతో
she,ఆమె
can,కెన్
help,సహాయం
locate,కనుగొనండి
brings,తెస్తుంది
where,ఎక్కడ
recounts,రీకౌంట్లు
her,ఆమె
experiences,అనుభవాలు
passenger,ప్రయాణీకుడు
Southampton,సౌతాంప్టన్
year,సంవత్సరం
old,పాత
DeWitt,డెవిట్
Bukater,బుకాటర్
wealthy,సంపన్నులు
fianc,కాబోయే భర్త
Caledon,కాలెడాన్
Cal,కాల్
Hockley,హాక్లీ
widowed,వితంతువు
mother,తల్లి
Ruth,రూత్
emphasizes,నొక్కి చెబుతుంది
marriage,వివాహం
will,విల్
resolve,పరిష్కరించండి
family,కుటుంబం
financial,ఆర్థిక
problems,సమస్యలు
maintain,నిర్వహించండి
their,వారి
upper,ఎగువ
class,తరగతి
status,స్థితి
distraught,కలత
loveless,లవ్‌లెస్
engagement,నిశ్చితార్థం
climbs,ఎక్కారు
stern,స్టెర్న్
railing,రైలింగ్
intending,ఉద్దేశం
commit,కమిట్
suicide,ఆత్మహత్య
Jack,జాక్
poor,పేద
artist,కళాకారుడు
coaxes,కోక్సెస్
back,తిరిగి
onto,పైకి
deck,డెక్
develop,అభివృద్ధి
friendship,స్నేహం
soon,త్వరలో
admits,అంగీకరించాడు
he,అతను
has,కలిగి
feelings,భావాలు
When,ఎప్పుడు
object,వస్తువు
rejects,తిరస్కరిస్తుంది
attentions,శ్రద్ధ
but,కానీ
returns,తిరిగి వస్తుంది
him,ఆయన
realizing,గ్రహించడం
fallen,పడిపోతుంది
state,రాష్ట్రం
room,గది
requests,అభ్యర్థనలు
draw,డ్రా
nude,న్యూడ్
later,తరువాత
evade,తప్పించుకుంటుంది
servant,సేవకుడు
Lovejoy,లవ్జోయ్
sex,సెక్స్
Renault,రెనాల్ట్
Towncar,టౌన్కార్
inside,లోపల
cargo,సరుకు
hold,పట్టుకోండి
On,పై
forward,ముందుకు
witness,సాక్షి
collision,ఘర్షణ
overhear,విన్నది
officers,అధికారులు
discussing,చర్చించడం
seriousness,గంభీరత
discovers,కనుగొంటుంది
insulting,అవమానకరమైనది
note,గమనిక
along,వెంట
return,తిరిగి
warn,హెచ్చరించండి
others,ఇతరులు
slip,స్లిప్
into,లోపలికి
pocket,జేబులో
frame,ఫ్రేమ్
theft,దొంగతనం
confined,పరిమితమై
master,మాస్టర్
arms,ఆయుధాలు
office,కార్యాలయం
puts,పుట్స్
own,సొంత
overcoat,ఓవర్ కోట్
crew,సిబ్బంది
prioritize,ప్రాధాన్యత ఇవ్వండి
women,మహిళలు
children,పిల్లలు
evacuation,తరలింపు
finds,కనుగొంటుంది
frees,ఫ్రీస్
make,చేయండి
urge,కోరిక
lifeboat,లైఫ్ బోట్
Intending,ఉద్దేశం
save,సేవ్
himself,స్వయంగా
lies,అబద్ధాలు
get,పొందండి
safely,సురక్షితంగా
off,ఆఫ్
wraps,మూటలు
around,చుట్టూ
As,As
lowered,తగ్గించబడింది
unable,సాధ్యం కాదు
abandon,వదలివేయండి
jumps,జంప్స్
grabs,పట్టుకోండి
pistol,పిస్టల్
chases,వెంటాడారు
escape,ఎస్కేప్
realizes,గ్రహించాడు
still,ఇప్పటికీ
coat,కోటు
gave,ఇచ్చింది
poses,భంగిమలు
lost,కోల్పోయిన
child,పిల్లవాడు
father,తండ్రి
rising,పెరుగుతున్న
flooded,వరదలు
bow,విల్లు
sinks,సింక్స్
two,రెండు
desperately,నిర్విరామంగా
cling,వేళ్ళాడతాయి
rail,రైలు
upended,పైకి
breaks,విరామాలు
half,సగం
section,విభాగం
slams,స్లామ్స్
ocean,సముద్ర
upends,అప్లెండ్స్
again,మళ్ళీ
freezing,ఘనీభవన
water,నీటి
helps,సహాయపడుతుంది
wood,కలప
transom,ట్రాన్సమ్
panel,ప్యానెల్
among,మధ్య
debris,శిధిలాలు
buoyant,తేలిక
enough,చాలు
one,ఒకటి
person,వ్యక్తి
makes,తయారీలను
promise,వాగ్దానం
survive,జీవించి
dies,చనిపోతుంది
cold,చలి
shock,షాక్
six,ఆరు
people,ప్రజలు
saved,సేవ్ చేయబడింది
returning,తిరిగి వస్తోంది
Carpathia,కార్పాథియా
rescues,రెస్క్యూ
survivors,ప్రాణాలు
avoids,నివారిస్తుంది
hiding,దాచడం
steerage,స్టీరేజ్
passengers,ప్రయాణీకులు
giving,ఇవ్వడం
name,పేరు
Still,ఇప్పటికీ
tucked,ఉంచి
present,ప్రస్తుతం
says,చెప్పారు
heard,విన్నది
committed,కట్టుబడి
losing,ఓడిపోయిన
fortune,అదృష్టం
Wall,గోడ
Street,వీధి
crash,క్రాష్
abandons,వదలివేయండి
hearing,వినికిడి
Alone,ఒంటరిగా
takes,తీసుకుంటాడు
been,ఉంది
possession,స్వాధీనం
drops,చుక్కలు
sea,సముద్రం
site,సైట్
While,అయితే
seemingly,అనిపించింది
asleep,నిద్ర
bed,మం చం
photos,ఫోటోలు
dresser,డ్రస్సర్
depict,వర్గీకరించండి
life,జీవితం
freedom,స్వేచ్ఛ
adventure,సాహసం
inspired,ప్రేరణ
reunites,తిరిగి కలుస్తుంది
Grand,గ్రాండ్
Staircase,మెట్ల
applauded,ప్రశంసించబడింది
died,మరణించారు
night,రాత్రి
Cast,తారాగణం
Fictional,కల్పిత
characters,అక్షరాలు
said,అన్నారు
needed,అవసరం
feel,అనుభూతి
really,నిజంగా
relive,పునరుద్ధరించండి
liveliness,జీవనం
take,తీసుకోవడం
energy,శక్తి
give,ఇవ్వండి
able,సామర్థ్యం
heart,గుండె
soar,ఎగురుతుంది
portrayed,చిత్రీకరించబడింది
itinerant,ప్రయాణ
orphan,అనాధ
Chippewa,చిప్పేవా
Falls,జలపాతం
Wisconsin,విస్కాన్సిన్
travelled,ప్రయాణించారు
world,ప్రపంచం
Paris,పారిస్
wins,గెలుస్తుంది
third,మూడవది
tickets,టికెట్లు
poker,పేకాట
game,ఆట
travels,ట్రావెల్స్
friend,స్నేహితుడు
Fabrizio,ఫాబ్రిజియో
attracted,ఆకర్షించబడింది
sight,దృష్టి
Her,ఆమె
invitation,ఆహ్వానం
dine,భోజనం
them,వాటిని
evening,సాయంత్రం
enables,ఎనేబుల్స్
mix,కలపండి
original,అసలైన
choice,ఎంపిక
role,పాత్ర
River,నది
Phoenix,ఫీనిక్స్
however,అయితే
Though,అయితే
established,స్థాపించబడింది
actors,నటులు
like,ఇష్టం
Matthew,మాథ్యూ
McConaughey,మెక్కోనాఘే
Chris,క్రిస్
Donnell,డోన్నెల్
Crudup,క్రూడప్
Stephen,స్టీఫెన్
Dorff,డోర్ఫ్
considered,పరిగణించబడుతుంది
too,చాలా
part,భాగం
Tom,టామ్
Cruise,క్రూయిజ్
interested,ఆసక్తి
asking,అడుగుతోంది
price,ధర
high,అధిక
Jared,జారెడ్
Leto,లెటో
refused,నిరాకరించారు
audition,ఆడిషన్
Jeremy,జెరెమీ
Sisto,సిస్టో
did,చేసింది
series,సిరీస్
screen,స్క్రీన్
tests,పరీక్షలు
three,మూడు
actresses,నటీమణులు
vying,పోటీ
years,సంవత్సరాలు
brought,తీసుకువచ్చారు
attention,శ్రద్ధ
casting,కాస్టింగ్
director,దర్శకుడు
Mali,మాలి
Finn,ఫిన్
Initially,ప్రారంభంలో
not,కాదు
want,కావాలి
read,చదవండి
scene,దృశ్యం
once,ఒకసారి
then,అప్పుడు
started,ప్రారంభమైంది
goofing,గూఫింగ్
could,చేయగలిగింది
never,ఎప్పుడూ
focus,దృష్టి
But,కానీ
split,స్ప్లిట్
shaft,షాఫ్ట్
light,కాంతి
down,డౌన్
heavens,స్వర్గం
lit,వెలిగించండి
up,అప్
forest,అటవీ
strongly,గట్టిగా
believed,నమ్మకం
acting,నటన
ability,సామర్థ్యం
told,చెప్పారు
Look,చూడండి
going,వెళ్తున్నారు
this,ఇది
guy,వ్యక్తి
brooding,బ్రూడింగ్
neurotic,న్యూరోటిక్
tic,tic
limp,లింప్
things,విషయాలు
you,మీరు
envisioned,ined హించబడింది
character,పాత్ర
played,ఆడాడు
Stewart,స్టీవర్ట్
Gregory,గ్రెగొరీ
Peck,పెక్
Although,అయినప్పటికీ
fictional,కల్పిత
Fairview,ఫెయిర్‌వ్యూ
Cemetery,స్మశానవాటిక
Halifax,హాలిఫాక్స్
Nova,నోవా
Scotia,స్కోటియా
victims,బాధితులు
are,ఉన్నాయి
buried,ఖననం
there,అక్కడ
grave,సమాధి
labeled,లేబుల్ చేయబడింది
producers,నిర్మాతలు
know,తెలుసు
real,నిజమైన
thing,విషయం
look,చూడండి
quality,నాణ్యత
face,ముఖం
eyes,కళ్ళు
just,కేవలం
knew,తెలుసు
ready,సిద్ధంగా ఉంది
go,వెళ్ళండి
distance,దూరం
girl,అమ్మాయి
Philadelphia,ఫిలడెల్ఫియా
forced,బలవంతంగా
so,కాబట్టి
death,మరణం
left,ఎడమ
debt,అప్పు
ridden,రిడ్డెన్
boards,బోర్డులు
meets,కలుస్తుంది
She,ఆమె
got,వచ్చింది
lot,చాలా
very,చాలా
open,ఓపెన్
And,మరియు
wants,కోరికలు
explore,అన్వేషించండి
feels,అనిపిస్తుంది
happen,జరుగుతుంది
Gwyneth,గ్వినేత్
Paltrow,పాల్ట్రో
Winona,వినోనా
Ryder,రైడర్
Claire,క్లైర్
Danes,డేన్స్
previously,గతంలో
worked,పనిచేశారు
Romeo,రోమియో
Juliet,జూలియట్
previous,మునుపటి
Gabrielle,గాబ్రియెల్
Anwar,అన్వర్
Reese,రీస్
Witherspoon,విథర్స్పూన్
turned,తిరగబడింది
campaigned,ప్రచారం
heavily,భారీగా
sent,పంపబడింది
daily,రోజువారీ
notes,గమనికలు
England,ఇంగ్లాండ్
led,LED
invite,ఆహ్వానించండి
Hollywood,హాలీవుడ్
auditions,ఆడిషన్స్
originally,వాస్తవానికి
looking,చూస్తోంది
described,వివరించబడింది
Audrey,ఆడ్రీ
Hepburn,హెప్బర్న్
type,రకం
initially,ప్రారంభంలో
uncertain,అనిశ్చితంగా
even,కూడా
test,పరీక్ష
impressed,ఆకట్టుకుంది
tested,పరీక్షించబడింది
thoroughly,పూర్తిగా
whispered,గుసగుసగా
great,గొప్పది
Even,కూడా
if,ఉంటే
don,డాన్
pick,పిక్
me,నేను
single,సింగిల్
rose,గులాబీ
card,కార్డు
signed,సంతకం
From,నుండి
Your,మీ
lobbied,లాబీయిడ్
phone,ఫోన్
You,మీరు
understand,అర్థం చేసుకోండి
pleaded,విజ్ఞప్తి
reached,చేరుకుంది
mobile,మొబైల్
Humvee,హమ్వీ
am,am
why,ఎందుకు
seeing,చూస్తున్నారు
anyone,ఎవరైనా
else,లేకపోతే
persistence,పట్టుదల
well,బాగా
talent,ప్రతిభ
eventually,చివరికి
convinced,ఒప్పించింది
arrogant,అహంకారం
snobbish,స్నోబిష్
heir,వారసుడు
Pittsburgh,పిట్స్బర్గ్
steel,స్టీల్
resentful,ఆగ్రహం
affection,ఆప్యాయత
Michael,మైఖేల్
Biehn,బీహ్న్
collaborated,సహకరించారు
Terminator,టెర్మినేటర్
Aliens,గ్రహాంతరవాసులు
Abyss,అబిస్
before,ముందు
offering,సమర్పణ
Rob,రాబ్
Lowe,లోవే
pursued,వెంబడించారు
arranges,ఏర్పాట్లు
society,సమాజం
Like,ఇష్టం
many,చాలా
aristocratic,కులీన
disposition,స్థానభ్రంశం
elitist,ఎలిటిస్ట్
frivolous,పనికిరానిది
loves,ప్రేమలు
daughter,కుమార్తె
believes,నమ్మకం
position,స్థానం
important,ముఖ్యమైనది
having,కలిగి
loving,ప్రేమ
dislikes,అయిష్టాలు
though,అయితే
narrates,కథనం
framing,ఫ్రేమింగ్
device,పరికరం
stated,పేర్కొన్నారు
order,ఆర్డర్
see,చూడండి
past,గత
decided,నిర్ణయించారు
create,సృష్టించండి
survivor,సర్వైవర్
close,దగ్గరగా
connects,కనెక్ట్ అవుతుంది
us,మాకు
way,మార్గం
through,ద్వారా
history,చరిత్ర
gives,ఇస్తుంది
information,సమాచారం
regarding,గురించి
shares,షేర్లు
speaks,మాట్లాడుతుంది
relationship,సంబంధం
since,నుండి
At,వద్ద
older,పాత
Of,యొక్క
My,నా
found,కనుగొన్నారు
out,అవుట్
mission,మిషన్
retired,రిటైర్డ్
Golden,బంగారు
Age,వయస్సు
thirties,ముప్పైలు
forties,నలభైలు
Fay,ఫే
Wray,వ్రే
lucid,లూసిడ్
such,అలాంటిది
spirit,ఆత్మ
saw,చూసింది
connection,కనెక్షన్
between,మధ్య
joie,జోయి
de,డి
vivre,వివ్రే
thought,ఆలోచన
audience,ప్రేక్షకులు
cognitive,అభిజ్ఞా
leap,లీపు
treasure,నిధి
hunter,హంటర్
Time,సమయం
funding,నిధులు
expedition,యాత్ర
running,నడుస్తున్న
reflects,ప్రతిబింబిస్తుంది
conclusion,ముగింపు
despite,ఉన్నప్పటికీ
thinking,ఆలోచిస్తూ
understood,అర్థం
hears,వింటుంది
Suzy,సుజీ
Amis,అమిస్
Lizzy,లిజ్జీ
granddaughter,మనవరాలు
accompanies,తోడు
visits,సందర్శనలు
learns,నేర్చుకుంటుంది
grandmother,అమ్మమ్మ
De,డి
Rossi,రోసీ
Italian,ఇటాలియన్
best,ఉత్తమమైనది
fails,విఫలమవుతుంది
killed,చంపబడింది
funnels,ఫన్నెల్స్
crashes,క్రాష్లు
crushing,క్రషింగ్
several,అనేక
Spicer,స్పైసర్
ex,ఉదా
Pinkerton,పింకర్టన్
constable,కానిస్టేబుల్
English,ఆంగ్ల
valet,వాలెట్
bodyguard,బాడీగార్డ్
monitors,మానిటర్లు
suspicious,అనుమానాస్పదంగా
circumstances,పరిస్థితులలో
surrounding,చుట్టుపక్కల
rescuing,రక్షించడం
splits,చీలికలు
causing,కారణం
massive,భారీ
opening,తెరవడం
appeared,కనిపించాడు
TV,టీవీ
miniseries,మినిసిరీస్
Jason,జాసన్
Barry,బారీ
Tommy,టామీ
Ryan,ర్యాన్
Irish,ఐరిష్
befriends,మిత్రులుగా ఉండండి
accidentally,అనుకోకుండా
panicked,భయాందోళన
First,ప్రధమ
Officer,అధికారి
Murdoch,ముర్డోచ్
Historical,చారిత్రక
intended,ఉద్దేశించబడింది
entirely,పూర్తిగా
accurate,ఖచ్చితమైనది
depiction,చిత్రణ
events,సంఘటనలు
includes,కలిగి ఉంటుంది
portrayals,చిత్రణలు
various,వివిధ
figures,గణాంకాలు
Margaret,మార్గరెట్
Molly,మోలీ
Brown,బ్రౌన్
looked,చూసింది
upon,at
vulgar,అసభ్యకరమైన
new,క్రొత్తది
money,డబ్బు
friendly,స్నేహపూర్వక
lends,లెండ్స్
suit,సూట్
clothes,బట్టలు
bought,కొన్నారు
son,కొడుకు
invited,ఆహ్వానించబడింది
dinner,విందు
dining,భోజనం
saloon,సెలూన్
dubbed,డబ్
Unsinkable,అవాంఛనీయమైనది
historians,చరిత్రకారులు
because,ఎందుకంటే
support,మద్దతు
commandeered,కమాండెడ్
Lifeboat,లైఫ్ బోట్
Quartermaster,క్వార్టర్ మాస్టర్
Robert,రాబర్ట్
Hichens,హిచెన్స్
Some,కొన్ని
altercation,వాగ్వాదం
Reba,రెబా
McEntire,మెక్‌ఎంటైర్
offered,అందించబడింది
turn,మలుపు
conflicted,వివాదాస్పద
touring,పర్యటన
schedule,షెడ్యూల్
Victor,విక్టర్
Garber,గార్బెర్
Thomas,థామస్
Andrews,ఆండ్రూస్
builder,బిల్డర్
kind,రకం
decent,మంచి
man,మనిషి
modest,నమ్రత
grand,గ్రాండ్
achievement,సాధన
tries,ప్రయత్నాలు
convince,ఒప్పించారు
Ismay,ఇస్మే
mathematical,గణిత
certainty,నిశ్చయత
depicted,చిత్రీకరించబడింది
standing,నిలబడి
clock,గడియారం
smoking,ధూమపానం
lamenting,విలపిస్తోంది
failure,వైఫల్యం
build,బిల్డ్
strong,స్ట్రాంగ్
become,అవ్వండి
famous,ఫేమస్
legends,ఇతిహాసాలు
published,ప్రచురించబడింది
book,పుస్తకం
Shipbuilder,షిప్ బిల్డర్
therefore,అందువల్ల
perpetuated,శాశ్వతంగా
John,జాన్
steward,స్టీవార్డ్
fact,వాస్తవం
boat,పడవ
no,లేదు
approximately,సుమారు
There,అక్కడ
testimonies,సాక్ష్యాలు
sightings,వీక్షణలు
moment,క్షణం
appears,కనిపిస్తుంది
stayed,ఉండిపోయింది
some,కొన్ని
gather,సేకరించండి
thoughts,ఆలోచనలు
continued,కొనసాగింది
assisting,సహాయం
Captain,కెప్టెన్
Edward,ఎడ్వర్డ్
Smith,స్మిత్
planned,ప్రణాళిక
final,చివరి
retiring,పదవీ విరమణ
retreats,తిరోగమనాలు
wheelhouse,వీల్‌హౌస్
bridge,వంతెన
dying,చనిపోతోంది
windows,విండోస్
burst,పేలుడు
pressure,ఒత్తిడి
whilst,ఉన్నప్పుడు
clings,అతుక్కొని
wheel,చక్రం
conflicting,విరుద్ధమైన
whether,ఉందొ లేదో అని
manner,పద్ధతి
froze,స్తంభింపచేయండి
near,సమీపంలో
capsized,క్యాప్సైజ్ చేయబడింది
collapsible,కూలిపోతుంది
Bruce,బ్రూస్
White,తెలుపు
Star,స్టార్
Line,లైన్
ignorant,అజ్ఞానం
boorish,బూరిష్
managing,మేనేజింగ్
influences,ప్రభావాలు
faster,వేగంగా
prospect,ప్రాస్పెక్ట్
earlier,అంతకుముందు
arrival,రాక
New,క్రొత్తది
York,యార్క్
favorable,అనుకూలమైన
press,నొక్కండి
popular,జనాదరణ పొందింది
unsupported,మద్దతు లేదు
evidence,సాక్ష్యం
struggles,పోరాటాలు
comprehend,అర్థం చేసుకోండి
unsinkable,అవాంఛనీయమైనది
doomed,విచారకరంగా ఉంది
Collapsible,కూలిపోతుంది
last,చివరిది
lifeboats,లైఫ్ బోట్లు
leave,బయలుదేరండి
branded,బ్రాండెడ్
coward,పిరికి
public,ప్రజా
surviving,బతికి
drowned,మునిగిపోయింది
Eric,ఎరిక్
Braeden,Braeden
Jacob,జాకబ్
Astor,ఆస్టర్
IV,Iv
richest,ధనవంతుడు
depicts,వర్ణిస్తుంది
wife,భార్య
Madeleine,మడేలిన్
Charlotte,షార్లెట్
Chatton,చాటన్
introduced,పరిచయం
During,సమయంలో
introduction,పరిచయం
asks,అడుగుతుంది
connected,కనెక్ట్ చేయబడింది
Boston,బోస్టన్
Dawsons,డాసన్స్
question,ప్రశ్న
deflects,విక్షేపం
saying,చెప్పడం
instead,బదులుగా
affiliated,అనుబంధ
seen,చూసింది
glass,గ్లాస్
dome,గోపురం
implodes,ఇంప్లాడ్లు
surges,సర్జెస్
Colonel,సైనికాధికారి
Archibald,ఆర్కిబాల్డ్
Gracie,గ్రేసీ
comment,వ్యాఖ్య
machinery,యంత్రాలు
congratulating,అభినందనలు
saving,సేవింగ్
falling,పడిపోతుంది
unaware,తెలియదు
attempt,ప్రయత్నం
lead,సీసం
remaining,మిగిలి ఉంది
Frederick,ఫ్రెడరిక్
Fleet,నౌకాదళం
Night,రాత్రి
Remember,గుర్తుంచుకోండి
Ensign,ఎన్సైన్
Benjamin,బెంజమిన్
Guggenheim,గుగ్గెన్‌హీమ్
mining,గనుల తవ్వకం
magnate,మాగ్నేట్
traveling,ప్రయాణం
shows,ప్రదర్శనలు
French,ఫ్రెంచ్
mistress,మిస్ట్రెస్
Madame,మేడమ్
Aubert,ఆబెర్ట్
Fannie,ఫన్నీ
Brett,బ్రెట్
fellow,తోటి
daughters,కుమార్తెలు
wait,వేచి ఉండండి
home,హోమ్
joins,కలుస్తుంది
rescue,రెస్క్యూ
refers,సూచిస్తుంది
bohemian,బోహేమియన్
flooding,వరదలు
prepared,సిద్ధం
gentleman,పెద్దమనిషి
Evans,ఎవాన్స్
Jones,జోన్స్
Wallace,వాలెస్
Hartley,హార్ట్లీ
bandmaster,బ్యాండ్‌మాస్టర్
violinist,వయోలిన్
plays,నాటకాలు
uplifting,ఉద్ధరించడం
music,సంగీతం
colleagues,సహోద్యోగులు
plunge,గుచ్చు
begins,ప్రారంభమవుతుంది
leads,దారితీస్తుంది
band,బ్యాండ్
performance,పనితీరు
Nearer,దగ్గరగా
God,దేవుడు
Thee,నీవు
tune,ట్యూన్
Bethany,బెథానీ
Mark,మార్క్
Lindsay,లిండ్సే
Chapman,చాప్మన్
Chief,చీఫ్
Henry,హెన్రీ
Wilde,వైల్డ్
chief,చీఫ్
officer,అధికారి
Smith,స్మిత్
planned,ప్రణాళిక
final,చివరి
retiring,పదవీ విరమణ
retreats,తిరోగమనాలు
wheelhouse,వీల్‌హౌస్
bridge,వంతెన
dying,చనిపోతోంది
windows,విండోస్
burst,పేలుడు
pressure,ఒత్తిడి
whilst,ఉన్నప్పుడు
clings,అతుక్కొని
wheel,చక్రం
conflicting,విరుద్ధమైన
whether,ఉందొ లేదో అని
manner,పద్ధతి
froze,స్తంభింపచేయండి
near,సమీపంలో
capsized,క్యాప్సైజ్ చేయబడింది
collapsible,కూలిపోతుంది
Bruce,బ్రూస్
White,తెలుపు
Star,స్టార్
Line,లైన్
ignorant,అజ్ఞానం
boorish,బూరిష్
managing,మేనేజింగ్
influences,ప్రభావాలు
faster,వేగంగా
prospect,ప్రాస్పెక్ట్
earlier,అంతకుముందు
arrival,రాక
New,క్రొత్తది
York,యార్క్
favorable,అనుకూలమైన
press,నొక్కండి
popular,జనాదరణ పొందింది
unsupported,మద్దతు లేదు
evidence,సాక్ష్యం
struggles,పోరాటాలు
comprehend,అర్థం చేసుకోండి
unsinkable,అవాంఛనీయమైనది
doomed,విచారకరంగా ఉంది
Collapsible,కూలిపోతుంది
last,చివరిది
lifeboats,లైఫ్ బోట్లు
leave,బయలుదేరండి
branded,బ్రాండెడ్
coward,పిరికి
public,ప్రజా
surviving,బతికి
drowned,మునిగిపోయింది
Eric,ఎరిక్
Braeden,Braeden
Jacob,జాకబ్
Astor,ఆస్టర్
IV,Iv
richest,ధనవంతుడు
depicts,వర్ణిస్తుంది
wife,భార్య
Madeleine,మడేలిన్
Charlotte,షార్లెట్
Chatton,చాటన్
introduced,పరిచయం
During,సమయంలో
introduction,పరిచయం
asks,అడుగుతుంది
connected,కనెక్ట్ చేయబడింది
Boston,బోస్టన్
Dawsons,డాసన్స్
question,ప్రశ్న
deflects,విక్షేపం
saying,చెప్పడం
instead,బదులుగా
affiliated,అనుబంధ
seen,చూసింది
glass,గ్లాస్
dome,గోపురం
implodes,ప్రేరేపితాలు
surges,సర్జెస్
Colonel,సైనికాధికారి
Archibald,ఆర్కిబాల్డ్
Gracie,గ్రేసీ
comment,వ్యాఖ్య
machinery,యంత్రాలు
congratulating,అభినందనలు
saving,సేవింగ్
falling,పడిపోతుంది
unaware,తెలియదు
attempt,ప్రయత్నం
lead,సీసం
remaining,మిగిలి ఉంది
Frederick,ఫ్రెడరిక్
Fleet,నౌకాదళం
Night,రాత్రి
Remember,గుర్తుంచుకోండి
Ensign,ఎన్సైన్
Benjamin,బెంజమిన్
Guggenheim,గుగ్గెన్‌హీమ్
mining,గనుల తవ్వకం
magnate,మాగ్నేట్
traveling,ప్రయాణం
shows,ప్రదర్శనలు
French,ఫ్రెంచ్
mistress,మిస్ట్రెస్
Madame,మేడమ్
Aubert,ఆబెర్ట్
Fannie,ఫన్నీ
Brett,బ్రెట్
fellow,తోటి
daughters,కుమార్తెలు
wait,వేచి ఉండండి
home,హోమ్
joins,కలుస్తుంది
rescue,రెస్క్యూ
refers,సూచిస్తుంది
bohemian,బోహేమియన్
flooding,వరదలు
prepared,సిద్ధం
gentleman,పెద్దమనిషి
Evans,ఎవాన్స్
Jones,జోన్స్
Wallace,వాలెస్
Hartley,హార్ట్లీ
bandmaster,బ్యాండ్‌మాస్టర్
violinist,వయోలిన్
plays,నాటకాలు
uplifting,ఉద్ధరించడం
music,సంగీతం
colleagues,సహోద్యోగులు
plunge,గుచ్చు
begins,ప్రారంభమవుతుంది
leads,దారితీస్తుంది
band,బ్యాండ్
performance,పనితీరు
Nearer,దగ్గరగా
God,దేవుడు
Thee,నీవు
tune,ట్యూన్
Bethany,బెథానీ
Mark,మార్క్
Lindsay,లిండ్సే
Chapman,చాప్మన్
Chief,చీఫ్
Henry,హెన్రీ
Wilde,వైల్డ్
chief,చీఫ్
officer,అధికారి
lets,లెట్స్
Before,ముందు
boats,పడవలు
blowing,బ్లోయింగ్
whistle,విజిల్
freezes,గడ్డకట్టండి
uses,ఉపయోగాలు
attract,ఆకర్షించండి
Fifth,ఐదవ
Ewan,ఇవాన్
William,విలియం
charge,ఆరోపణ
rush,రష్
shoots,రెమ్మలు
another,మరొకటి
momentary,క్షణిక
panic,భయాందోళనలు
commits,కమిట్స్
shooting,షూటింగ్
head,తల
nephew,మేనల్లుడు
Scott,స్కాట్
objected,అభ్యంతరం
uncle,అంకుల్
portrayal,చిత్రణ
damaging,నష్టం
heroic,వీరోచిత
reputation,కీర్తి
few,కొన్ని
months,నెలల
vice,వైస్
president,అధ్యక్షుడు
Neeson,నీసన్
went,వెళ్లిన
Dalbeattie,డాల్బీటీ
Scotland,స్కాట్లాండ్
lived,నివసించారు
deliver,బట్వాడా
personal,వ్యక్తిగత
apology,క్షమాపణ
presented,సమర్పించబడింది
donation,విరాళం
High,అధిక
School,పాఠశాల
boost,బూస్ట్
school,పాఠశాల
Memorial,స్మారక చిహ్నం
Prize,బహుమతి
apologized,క్షమాపణలు
DVD,డివిడి
commentary,వ్యాఖ్యానం
fired,తొలగించారు
gunshots,తుపాకీ కాల్పులు
enforce,అమలు
policy,విధానం
According,ప్రకారం
honorable,గౌరవప్రదమైన
gone,పోయింది
bad,చెడ్డది
cowardly,పిరికి
murderer,హంతకుడు
added,జోడించబడింది
sure,ఖచ్చితంగా
sense,సెన్స్
responsibility,బాధ్యత
devotion,భక్తి
duty,విధి
today,ఈ రోజు
This,ఇది
launched,ప్రారంభించబడింది
counterpart,ప్రతిరూపం
port,పోర్ట్
side,వైపు
That,ఆ
something,ఏదో
heroism,వీరత్వం
Phillips,ఫిలిప్స్
Second,రెండవ
Charles,చార్లెస్
Lightoller,లైట్‌లర్
informing,సమాచారం
difficult,కష్టం
icebergs,మంచుకొండలు
without,లేకుండా
breaking,బ్రేకింగ్
following,క్రింది
suggesting,సూచించడం
should,తప్పక
begin,ప్రారంభించండి
boarding,బోర్డింగ్
brandishing,బ్రాండింగ్
gun,తుపాకీ
threatening,బెదిరింపు
use,వా డు
keep,ఉంచండి
top,టాప్
funnel,గరాటు
collapses,కూలిపోతుంది
senior,సీనియర్
survived,ప్రాణాలతో బయటపడింది
producer,నిర్మాత
Kevin,కెవిన్
La,లా
Noy,నోయ్
Third,మూడవది
Herbert,హెర్బర్ట్
Pitman,పిట్మాన్
manning,మన్నింగ్
Simon,సైమన్
Crane,క్రేన్
Fourth,నాల్గవది
Joseph,జోసెఫ్
Boxhall,బాక్స్హాల్
firing,కాల్పులు
flares,మంటలు
shown,చూపబడింది
wings,రెక్కలు
helping,సహాయం
seamen,నావికులు
Ioan,Ioan
Gruffudd,గ్రఫుడ్
Harold,హెరాల్డ్
retrieve,తిరిగి పొందండి
icy,మంచుతో నిండి ఉంది
waters,జలాలు
Fletcher,ఫ్లెచర్
Sixth,ఆరవ
Moody,మూడీ
junior,జూనియర్
admitting,అంగీకరించడం
moments,క్షణాలు
departs,బయలుదేరుతుంది
orders,ఆదేశాలు
put,పుట్
full,పూర్తి
speed,వేగం
ahead,ముందుకు
informs,సమాచారం
clinging,అతుక్కొని
davits,డేవిట్స్
starboard,స్టార్‌బోర్డ్
unsuccessfully,విజయవంతం కాలేదు
attempted,ప్రయత్నించారు
launch,ప్రయోగం
Lancaster,లాంకాస్టర్
Father,తండ్రి
Byles,బైల్స్
Catholic,కాథలిక్
priest,పూజారి
praying,ప్రార్థన
consoling,ఓదార్పు
Lew,లూ
Palter,పాటర్
Elsa,ఎల్సా
Raven,రావెన్
Isidor,ISIDOR
Ida,ఇడా
Straus,స్ట్రాస్
former,మాజీ
owner,యజమాని
Macy,మాసీ
Company,కంపెనీ
congressman,కాంగ్రెస్ సభ్యుడు
member,సభ్యుడు
Jersey,జెర్సీ
Bridge,వంతెన
Commission,కమిషన్
couple,జంట
seats,సీట్లు
together,కలిసి
evacuated,ఖాళీ చేయబడింది
urged,కోరింది
refusing,తిరస్కరించడం
honor,గౌరవం
wedding,పెండ్లి
pledge,ప్రతిజ్ఞ
staying,బస
lying,అబద్ధం
embracing,ఆలింగనం
each,ప్రతి
fills,నింపుతుంది
stateroom,స్టేటర్‌రూమ్
Martin,మార్టిన్
Jarvis,జార్విస్
Sir,సర్
Cosmo,కాస్మో
Duff,డఫ్
Gordon,గోర్డాన్
Scottish,స్కాటిష్
baronet,బారోనెట్
rescued,రక్షించబడింది
Lifeboats,లైఫ్ బోట్లు
emergency,అత్యవసర పరిస్థితి
capacity,సామర్థ్యం
Situated,ఉంది
end,ముగింపు
these,ఇవి
kept,ఉంచారు
case,కేసు
overboard,ఓవర్‌బోర్డ్
fourth,నాల్గవది
secretary,కార్యదర్శి
much,చాలా
criticized,విమర్శలు
conduct,ప్రవర్తన
incident,సంఘటన
suggested,సూచించబడింది
boarded,ఎక్కారు
violation,ఉల్లంఘన
failed,విఫలమైంది
struggling,కష్టపడుతోంది
five,ఐదు
pounds,పౌండ్లు
critical,క్లిష్టమైన
viewed,వీక్షించబడింది
bribe,లంచం
Gordons,గోర్డాన్స్
letter,లేఖ
rediscovered,తిరిగి కనుగొనబడింది
waiting,వేచి ఉంది
vicinity,సమీపంలో
launching,ప్రయోగం
confirmation,నిర్ధారణ
almost,దాదాపు
empty,ఖాళీ
apparently,స్పష్టంగా
glad,సంతోషం
offer,ఆఫర్
simply,కేవలం
fill,పూరించండి
asked,అడిగారు
denied,ఖండించింది
represented,ప్రాతినిధ్యం వహిస్తుంది
British,బ్రిటిష్
Board,బోర్డు
Trade,వాణిజ్యం
inquiry,విచారణ
accepted,ఆమోదించబడిన
denial,తిరస్కరణ
bribing,లంచం
maintained,నిర్వహించబడుతుంది
rowed,రోడ్
towards,వైపు
might,ఉండవచ్చు
Rosalind,రోసలిండ్
Ayres,ఐరెస్
Lady,లేడీ
fashion,ఫ్యాషన్
designer,డిజైనర్
husband,భర్త
rumors,పుకార్లు
forbidden,నిషేధించబడింది
swamped,చిత్తడి
forbidden,నిషేధించబడింది
swamped,చిత్తడి
Rochelle,రోషెల్
No,లేదు
Leslie,లెస్లీ
Countess,కౌంటెస్
Rothes,రోథెస్
Bukaters,బుకాటర్స్
Despite,ఉన్నప్పటికీ
higher,ఉన్నత
row,వరుస
looks,కనిపిస్తోంది
Anderson,అండర్సన్
lookout,లుకౌట్
escapes,ఎస్కేప్స్
Paul,పాల్
Brightwell,బ్రైట్‌వెల్
quartermasters,క్వార్టర్ మాస్టర్స్
refuses,నిరాకరించింది
East,తూర్పు
Reginald,రెజినాల్డ్
Lee,లీ
crow,కాకి
nest,గూడు
survives,బతికి ఉంది
Cooke,కుక్
wireless,వైర్‌లెస్
operator,ఆపరేటర్
whom,ఎవరి
ordered,ఆదేశించారు
send,పంపండి
distress,బాధ
signal,సిగ్నల్
Craig,క్రెయిగ్
Kelly,కెల్లీ
Bride,వధువు
Liam,లియామ్
Tuohy,తుయోహీ
Baker,బేకర్
Joughin,జౌగిన్
baker,బేకర్
stand,స్టాండ్
falls,జలపాతం
finally,చివరగా
hanging,వేలాడుతున్న
drinking,మద్యపానం
brandy,బ్రాందీ
flask,ఫ్లాస్క్
testimony,సాక్ష్యం
rode,రోడ్
stepped,స్టెప్డ్
getting,పొందడం
hair,జుట్టు
wet,తడి
admitted,అంగీకరించారు
hardly,అరుదుగా
feeling,భావన
likely,అవకాశం
thanks,ధన్యవాదాలు
alcohol,ఆల్కహాల్
deleted,తొలగించబడింది
throwing,విసరడం
deckchairs,డెక్ కుర్చీలు
taking,తీసుకోవడం
drink,పానీయం
bottle,బాటిల్
Terry,టెర్రీ
Forrestal,ఫారెస్టల్
Engineer,ఇంజనీర్
Bell,బెల్
men,పురుషులు
throughout,అంతటా
lights,లైట్లు
power,శక్తి
signals,సిగ్నల్స్
portrays,చిత్రీకరిస్తుంది
engineers,ఇంజనీర్లు
bowels,ప్రేగులు
suggest,సూచించండి
least,కనీసం
come,రండి
became,అయ్యింది
severe,తీవ్రమైన
Greaser,గ్రీజర్
testified,సాక్ష్యమిచ్చారు
eight,ఎనిమిది
against,వ్యతిరేకంగా
electric,విద్యుత్
crane,క్రేన్
Boat,పడవ
Deck,డెక్
Cameos,కామియోస్
Several,అనేక
appear,కనిపిస్తుంది
Anatoly,అనాటోలీ
Sagalevich,సాగలేవిచ్
creator,సృష్టికర్త
pilot,పైలట్
Mir,మీర్
self,స్వీయ
propelled,ప్రొపెల్డ్
Deep,లోతైన
Submergence,మునిగిపోవడం
Vehicle,వాహనం
Van,వాన్
Ling,లింగ్
Fang,ఫాంగ్
Lang,లాంగ్
backstory,బ్యాక్‌స్టోరీ
produce,ఉత్పత్తి
documentary,డాక్యుమెంటరీ
Six,ఆరు
group,సమూహం
Chinese,చైనీస్
Anders,అండర్స్
Falk,ఫాక్
filmed,చిత్రీకరించబడింది
sets,సెట్లు
Society,సమాజం
cameo,కామియో
appearance,స్వరూపం
Swedish,స్వీడిష్
immigrant,వలస
enters,ప్రవేశిస్తుంది
cabin,క్యాబిన్
Kamuda,కముడా
Karen,కరెన్
President,అధ్యక్షుడు
Vice,వైస్
served,వడ్డించారు
consultants,కన్సల్టెంట్స్
extras,ఎక్స్‌ట్రాలు
Pre,ముందు
Writing,రచన
long,పొడవు
Mount,మౌంట్
Everest,ఎవరెస్ట్
point,పాయింట్
consider,పరిగణించండి
undersea,అండర్సియా
mental,మానసిక
restlessness,చంచలత
live,లైవ్
away,దూరంగా
switched,మారారు
sciences,శాస్త్రాలు
arts,కళలు
college,కళాశాల
IMAX,ఐమాక్స్
Titanica,టైటానికా
seek,కోరుకుంటారు
wanted,వాంటెడ్
movie,సినిమా
dive,డైవ్
shipwreck,షిప్‌రెక్
wrote,రాశారు
scriptment,స్క్రిప్ట్మెంట్
met,మెట్
executives,ఎగ్జిక్యూటివ్స్
Peter,పీటర్
Chernin,చెర్నిన్
pitched,పిచ్
unconvinced,అంగీకరించలేదు
commercial,వాణిజ్య
potential,సంభావ్యత
hoped,ఆశించారు
action,చర్య
similar,ఇలాంటివి
films,సినిమాలు
approved,ఆమోదించబడింది
project,ప్రాజెక్ట్
term,పదం
promote,ప్రోత్సహించండి
publicity,పబ్లిసిటీ
afforded,భరించబడింది
organized,వ్యవస్థీకృత
dives,డైవ్స్
period,కాలం
simulating,అనుకరణ
special,ప్రత్యేక
provide,అందించడానికి
value,విలువ
We,మేము
either,గాని
do,చేయండి
shots,షాట్లు
elaborate,విస్తృతమైన
motion,కదలిక
control,నియంత్రణ
CG,Cg
cost,ఖరీదు
amount,మొత్తం
we,మేము
spend,ఖర్చు
plus,ప్లస్
per,per
cent,శాతం
actually,అసలైన
shoot,షూట్
Atlantic,అట్లాంటిక్
times,సార్లు
work,పని
risky,ప్రమాదకర
kill,చంపండి
tiny,చిన్నది
flaw,లోపం
submersible,సబ్మెర్సిబుల్
structure,నిర్మాణం
Additionally,అదనంగా
adverse,ప్రతికూల
conditions,షరతులు
prevented,నిరోధించబడింది
submersibles,సబ్మెర్సిబుల్స్
collided,Ided ీకొట్టింది
hull,హల్
sub,ఉప
leaving,వదిలి
fragments,శకలాలు
propeller,ప్రొపెల్లర్
shroud,ముసుగు
scattered,చెల్లాచెదురుగా
superstructure,సూపర్ స్ట్రక్చర్
external,బాహ్య
bulkhead,బల్క్‌హెడ్
captain,కెప్టెన్
quarters,క్వార్టర్స్
collapsed,కూలిపోయింది
exposing,బహిర్గతం
interior,లోపలి భాగం
area,ప్రాంతం
entrance,ప్రవేశం
damaged,దెబ్బతిన్న
Descending,అవరోహణ
emphasized,ఉద్ఘాటించాడు
event,ఈవెంట్
Working,పని
profound,లోతైన
sadness,విచారం
injustice,అన్యాయం
message,సందేశం
mantle,మాంటిల్
aware,తెలుసు
filmmaker,చిత్రనిర్మాత
visit,సందర్శించండి
novel,నవల
happened,జరిగింది
mere,కేవలం
morality,నైతికత
tale,కథ
audiences,ప్రేక్షకులు
experience,అనుభవం
living,జీవించి ఉన్న
element,మూలకం
tragedy,విషాదం
romance,రొమాన్స్
engaging,మనసుకు
destroyed,ధ్వంసమైంది
mourn,సంతాపం
All,అన్నీ
my,నా
stories,కథలు
balance,సంతులనం
right,కుడి
fastidious,ఫాస్టిడియస్
overlay,అతివ్యాప్తి
underwater,నీటి అడుగున
writing,రచన
screenplay,స్క్రీన్ ప్లే
spent,ఖర్చు
researching,పరిశోధన
created,సృష్టించబడింది
detailed,వివరంగా
timeline,కాలక్రమం
verified,ధృవీకరించబడింది
experts,నిపుణులు
beginning,ప్రారంభం
clear,క్లియర్
picture,చిత్రం
what,ఏమి
set,సెట్
bar,బార్
elevated,ఎలివేటెడ్
definitive,నిశ్చయాత్మకమైన
visualization,విజువలైజేషన్
machine,యంత్రం
influenced,ప్రభావితమైంది
youth,యువత
liberally,సరళంగా
copied,కాపీ
dialogue,సంభాషణ
lively,సజీవ
party,పార్టీ
musicians,సంగీతకారులు
playing,ఆడుతోంది
framed,ఫ్రేమ్డ్
elderly,వృద్ధులు
intervening,జోక్యం
palpable,స్పష్టమైన
poignant,పదునైన
answer,సమాధానం
supply,సరఫరా
personally,వ్యక్తిగతంగా
individually,వ్యక్తిగతంగా
modeling,మోడలింగ్
Harland,హార్లాండ్
Wolff,వోల్ఫ్
builders,బిల్డర్లు
opened,తెరిచింది
private,ప్రైవేట్
archives,ఆర్కైవ్స్
sharing,భాగస్వామ్యం
blueprints,బ్లూప్రింట్స్
For,కోసం
interiors,ఇంటీరియర్స్
Lamont,లామోంట్
artifacts,కళాఖండాలు
era,ERA
newness,కొత్తదనం
meant,అర్థం
every,ప్రతి
prop,ఆసరా
scratch,స్క్రాచ్
acquired,సంపాదించబడింది
acres,ఎకరాలు
waterfront,వాటర్ ఫ్రంట్
south,దక్షిణ
Playas,ప్లేయాస్
Rosarito,రోసారిటో
Mexico,మెక్సికో
building,కట్టడం
studio,స్టూడియో
May,మే
horizon,హోరిజోన్
tank,ట్యాంక్
gallons,గ్యాలన్లు
exterior,బాహ్య
reconstructed,పునర్నిర్మించబడింది
providing,అందించడం
degrees,డిగ్రీలు
view,చూడండి
scale,స్కేల్
removed,తొలగించబడింది
redundant,అనవసరమై
sections,విభాగాలు
fit,సరిపోతుంది
filled,నిండి ఉంది
digital,డిజిటల్
shrunk,కుదించారు
ten,పది
percent,శాతం
working,పని
rest,విశ్రాంతి
plating,ప్లేటింగ్
Within,లోపల
foot,పాదం
lifting,లిఫ్టింగ్
platform,వేదిక
tilt,వంపు
sequences,సీక్వెన్సులు
model,మోడల్
designed,రూపకల్పన
naval,నావికాదళం
architect,వాస్తుశిల్పి
Jay,జే
Kantola,కాంటోలా
using,ఉపయోగించడం
plans,ప్రణాళికలు
sister,సోదరి
Olympic,ఒలింపిక్
Above,పైన
tall,పొడవైన
tower,టవర్
feet,అడుగులు
track,ట్రాక్
combined,కలిపి
construction,నిర్మాణం
lighting,లైటింగ్
camera,కెమెరా
representing,ప్రాతినిధ్యం వహిస్తుంది
rooms,గదులు
reproduced,పునరుత్పత్తి
exactly,సరిగ్గా
photographs,ఛాయాచిత్రాలు
prominently,ప్రముఖంగా
recreated,పున reat సృష్టి
standard,ప్రామాణిక
widened,వెడల్పు
compared,పోలిస్తే
reinforced,బలోపేతం
girders,గిర్డర్స్
Craftsmen,హస్తకళాకారులు
Britain,బ్రిటన్
sculpted,శిల్పం
ornate,అలంకరించబడినది
paneling,ప్యానలింగ్
plasterwork,ప్లాస్టర్ వర్క్
designs,నమూనాలు
carpeting,తివాచీలు
upholstery,అప్హోల్స్టరీ
individual,వ్యక్తిగత
pieces,ముక్కలు
furniture,ఫర్నిచర్
fixtures,ఫిక్చర్స్
chairs,కుర్చీలు
cutlery,కత్తులు
crockery,టపాకాయ
crest,క్రెస్ట్
piece,ముక్క
objects,వస్తువులు
according,ప్రకారం
hired,అద్దె
Don,డాన్
Lynch,లించ్
Ken,కెన్
Marschall,మార్స్‌చాల్
authenticate,ప్రామాణీకరించండి
detail,వివరాలు
Principal,ప్రిన్సిపాల్
photography,ఫోటోగ్రఫీ
Dartmouth,డార్ట్మౌత్
moved,తరలించబడింది
newly,కొత్తగా
constructed,నిర్మించబడింది
poop,పూప్
hinge,కీలు
rise,పెరుగుదల
zero,సున్నా
seconds,సెకన్లు
safety,భద్రత
stuntmen,స్టంట్ మెన్
props,ఆధారాలు
foam,నురుగు
rubber,రబ్బరు
By,ద్వారా
November,నవంబర్
study,అధ్యయనం
weather,వాతావరణం
data,సమాచారం
revealed,వెల్లడించారు
prevailing,ప్రబలంగా ఉంది
north,ఉత్తరం
wind,గాలి
blew,పేల్చి
smoke,పొగ
aft,aft
posed,పోజ్
problem,సమస్య
departure,బయలుదేరే
docked,డాక్ చేయబడింది
Implementation,అమలు
directions,దిశలు
costumes,దుస్తులు
reversed,తిరగబడింది
example,ఉదాహరణ
someone,ఎవరైనా
walked,నడిచారు
script,స్క్రిప్ట్
walk,నడక
post,పోస్ట్
flipped,తిప్పబడింది
correct,సరైన
etiquette,మర్యాద
coach,రైలు పెట్టె
instruct,బోధన
manners,మర్యాద
gentility,జెంటిలిటీ
critics,విమర్శకులు
noted,గమనించారు
anachronisms,అనాక్రోనిజమ్స్
sketched,స్కెచ్
portrait,పోర్ట్రెయిట్
bathing,స్నానం
backdrop,బ్యాక్‌డ్రాప్
repression,అణచివేత
means,అంటే
must,తప్పక
exhilarating,ఉల్లాసకరమైనది
reason,కారణం
sketching,స్కెచింగ్
wasn,NN
any,ఏదైనా
design,రూపకల్పన
although,అయినప్పటికీ
couldn,చేయలేకపోయింది
better,మంచి
nervousness,నాడీ
hesitance,సంకోచం
rehearsed,రిహార్సల్
hadn,హాడ్
anything,ఏదైనా
If,ఉంటే
probably,బహుశా
preferred,ఇష్టపడతారు
deeper,లోతైనది
body,శరీరం
trying,ప్రయత్నించడం
big,పెద్దది
scrambling,స్క్రాంబ్లింగ్
arduous,కష్టతరమైనది
cemented,సిమెంటు
formidable,బలీయమైన
scariest,భయంకరమైన
uncompromising,రాజీలేనిది
hard,హార్డ్
charging,ఛార్జింగ్
perfectionist,పరిపూర్ణత
decibel,డెసిబెల్
screamer,స్క్రీమర్
Bligh,బ్లిగ్
megaphone,మెగాఫోన్
walkie,వాకీ
talkie,టాకీ
swooping,స్వూపింగ్
faces,ముఖాలు
ft,అడుగులు
chipped,చిప్డ్
bone,ఎముక
elbow,మోచేయి
worried,ఆందోళన
drown,మునుగు
gallon,గాలన్
genuinely,నిజాయితీగా
frightened,భయపడ్డాడు
Jim,జిమ్
temper,కోపం
wouldn,కాదు
believe,నమ్మండి
damn,తిట్టు
yell,అరుస్తూ
didn,చేయలేదు
familiar,తెలిసిన
ethic,నీతి
guys,గైస్
win,గెలుపు
hearts,హృదయాలు
minds,మనస్సులు
evil,చెడు
alter,ఆల్టర్
ego,అహం
nicknamed,మారుపేరు
Mij,మిజ్
spelled,స్పెల్లింగ్
backwards,వెనుకకు
response,ప్రతిస్పందన
criticism,విమర్శ
war,యుద్ధం
battle,యుద్ధం
business,వ్యాపారం
aesthetics,సౌందర్యం
More,మరింత
August,ఆగస్టు
unknown,తెలియదు
suspected,అనుమానిత
dissociative,డిసోసియేటివ్
drug,డ్రగ్
PCP,పిసిపి
soup,సూప్
ate,తిన్నారు
hospital,ఆసుపత్రి
telling,చెప్పడం
gonna,bone
hang,వేలాడదీయండి
here,ఇక్కడ
bedlam,బెడ్లాం
wander,సంచారం
beer,బీర్
rolling,రోలింగ్
completely,పూర్తిగా
streaks,స్ట్రీక్స్
psychedelics,మనోధర్మి
actor,నటుడు
Lewis,లూయిస్
Abernathy,అబెర్నాతి
managed,నిర్వహించేది
vomit,వాంతి
shocked,షాక్
One,ఒకటి
eye,కంటి
red,ఎరుపు
pupil,విద్యార్థి
iris,ఐరిస్
beet,దుంప
sniffing,స్నిఫింగ్
glue,గ్లూ
four,నాలుగు
Department,విభాగం
Health,ఆరోగ్యం
confirmed,ధ్రువీకరించారు
contained,కలిగి ఉన్న
Regional,ప్రాంతీయ
Police,పోలీసులు
Service,సేవ
announced,ప్రకటించారు
criminal,నేరస్థుడు
investigation,దర్యాప్తు
closed,మూసివేయబడింది
February,ఫిబ్రవరి
behind,వెనుక
poisoning,విషం
caught,పట్టుబడింది
days,రోజులు
grew,పెరిగింది
officially,అధికారికంగా
wrapped,చుట్టి
Many,చాలా
colds,జలుబు
flu,ఫ్లూ
kidney,కిడ్నీ
infections,అంటువ్యాధులు
spending,ఖర్చు
hours,గంటలు
unless,తప్ప
earned,సంపాదించారు
broke,విరిగింది
bones,ఎముకలు
Screen,స్క్రీన్
Actors,నటులు
Guild,గిల్డ్
nothing,ఏమిలేదు
inherently,అంతర్గతంగా
unsafe,అసురక్షితంగా
danger,ప్రమాదం
passionate,మక్కువ
ran,పరిగెడుతూ
acknowledged,తెలియజేసారు
demanding,డిమాండ్
terms,నిబంధనలు
militaresque,మిలిటారెస్క్
think,ఆలోచించండి
dealing,వ్యవహారం
thousands,వేల
logistics,లాజిస్టిక్స్
keeping,ఉంచడం
fairly,సరసమైన
strict,కఠినమైన
methodology,పద్దతి
costs,ఖర్చులు
ballooned,బెలూన్
bit,బిట్
minute,నిమిషం
hour,గంట
specific,నిర్దిష్ట
cuts,కోతలు
argued,వాదించారు
extended,విస్తరించబడింది
length,పొడవు
mean,అర్థం
fewer,తక్కువ
showings,ప్రదర్శనలు
thus,ఈ విధంగా
less,తక్కువ
revenue,ఆదాయం
epics,ఇతిహాసాలు
directors,దర్శకులు
Oscars,ఆస్కార్
cut,కట్
fire,అగ్ని
start,ప్రారంభించండి
entire,మొత్తం
investment,పెట్టుబడి
rejected,తిరస్కరించబడింది
forfeit,ఓడిపోండి
share,వాటా
profits,లాభాలు
